A0017300_00001.jpg	 SE/HLA/1010025/K I/2 HLA LÄN 24 BYGDEÅ SOCKENSTÄMMOPROTOKOLL 1835-1844 KI:2 RIKSARKIVET SVAR Junsele 2006-05-19 LE
A0017300_00002.jpg	 5.1 Symboler am • er mikrofin Nummer Referens Symbo Becydelse Amándning Placening Martener Symbol Referers Betydein Arrandning Placering Borjan på rulie Markerar borjan på S0 0076 E: Begienig of rule I borjen på ruie, Fortagan adriaelig Markerer att der DIN 1675 rol filmen som forekommer förste symbolen på mikro ISO 0027 E: Original diente dokument som filmas I margen mittemot det NF 1 on sinkil bild DIN 1690 ar seåriasligt persi som ir särlint NF 10 Dpunkt Markarar vid behov Skadad tent eber Markenar aet der I princip i början på NF 2 E: Point 2ere (som komplement til iSO 0078 felakrig inbindning dekament som filmas I margen eller dar sexten sakras symbol 11 DIN 1681 E: Damaged tat ar akadar eller dåigt solllge for mătara NF 11 abundet aller i fore od lisepperat kommande fall badadera Stut på rule Markerer sut på rulle ISD 0075 E: End of rol I shutet på rutien, 12 Feiaktig sie I margen dar den decaktige sista symboln på mikro IS0 0079 DIN 1676 famen som förstommer Inlaktigr danam numering eller siffren fions NF 3 som sirskild bild NF 12 E: incorrect amberig Markerar att en andra Längst ner påi förste siden 13 Forlagu ust ras 150 0080 repring av bild Avsikdig upe bild tages på grund av ach hager upe oll andr ISO 0001 E: Miming paper DeN 1678 E: Repetition af varierande tithet hes adan eiler eftar bild som DIN 1677 NF 4 mage torlages aller på grund NF 13 her 14 Otitrecklig sainad Sanskiğande Markerar sináişande an Mellen echeterna NF 14 i marsting fathet) NF 5 foriagor E: Diesinction of foriagor i form av dokumentăra enheter elen ticken och eriginal . i Fortuatining på Markerar att fortatoning I autat på ruilen, fore E: To de connicues annan rulle på en svit finss på •aymbolen on anather rot annen rule Fortsättning filn Markarar art borjan p$ 1 borjen pål rulien, efter Tymbol für borjan *2 E: Continuation annan rulle en seit finns oå annan nulle from anecher Forlagan i targ Markmar ant avbildat Färe bilden aw respektive ISO 0488 E: Original in dokument i i fang dokument elter i marges (forstag) • Mavolimi Markerar att forsta Eher symbel 1 of mane ISO 0480 tbreta generationen generationen them i farg (erstag) E: Micraform of (kameral mani tar geroeration Witirg le colour
A0017300_00003.jpg	 BYGDEA Sockenstämmo- protokoll 1835-4844 K 1:2 Vb
A0017300_00004.jpg	
A0017300_00005.jpg	 eldreg el Sakencama 2 Crac Sal mad Lagone 134 • sit itmes te of an del hanhe dasg anom, трека , 20 gm nh 2l bn g a ng min hunh S0, muntar anfanl ede faret fi ofern.
A0017300_00006.jpg	 "Valet i Hamman Sani kopa umpt ensl puta la unha plate. ar Rile teni tan portana taya ntt faly in. ni e „hororat dn loe sohe fins nobtin pen le mantr d 12 40 4t ag. mh kip tó th Ato- (ruan Patinses Can p21: gur ei Cirpo/os. • -SE Andesi Porgrá 82 s Baband niz Starael pehntan. : Rathi s hite Yeusbohoi 3 Coy 2f0p - Al 26 sait. a.l adreLamshu 3 aй ne rà 10 20 i Gila lt 1 Aathshi Lt gahn Binlian, лів 5 * 3 dak sml Cor ast: at ea 20 : Aulro tial @sajeto tans -send o Gulemanke 22 • qor Mnti.9, SeJAy Railation Kaut Ara SameMou - al a2 alic a6afamstn — st Cual Aultting al. 1 AZ daomeeldlo. "o. A2 22 I Thule Antem Aao ChanTianct - 20) AZ. 44 Rular Capinnon, 3 d2 12 17.
A0017300_00007.jpg	 9 Chula pili Stech this mante. --,Sg. •i Yman. vic ti paris -• A-krit san Cly Syket. →,= al nh. Coppo sk- - Bof smpi. %_sd. nita dalp Malande S.Ate Pha S»Z. ở legis anlen hales. - 734. B' Pude. -,K At Lu.S shoo- Pland Sertfon -. $ ast. organid. C. 7 Ju.kos -5-AL RAKAPKARKR*K alanis don -, 3л. nL a Hjonfan Cars Yran Ofu- Bi Selats Bakis ehL. _h sh. insi Bofom--- *ghe* 1. . a9.. a Hagun A ho alep .Cat sto Ruhate%- Xi xinh ti lh c hn đa longor an for allandalla fied I de defor aíl aSka sén d Snhue. Ale Tai gilen, -s-yead P3 5m.2 + K.a0 s slal puba phd aXwi .b2.6 s lenadak Hiz Yinay Si saer Yourlof- BAKA Mateaeoh-. daniel Sar Mont
A0017300_00008.jpg	 Biteri Lad mid Buge 2 ge tuhh 2222032 Pele hai de,lo Bnt m.lea. Aamas bon Aur Rata ins Magdh. nn Suapi ben Ade su NA.IKi M, afk.l 506.1/
A0017300_00009.jpg	 flingu ta andal " halk sagola mn" пути ( Batemmnm zuh barkga jathaoy annl fünk. D tidtofle Hares Bate milanan ..Se pollaren Xp irig. mur dift delaM, N wikn af tor geremis frien Bfinal Abunga, fonser •, leks aulanil de spju Phalle ede Banden Disf talutn. tautopa, fé
A0017300_00010.jpg	 Line ne bafan lammtemm dod fo to mchapia. Re Stan Cajapa Mu, AT, depmi Macha ee kimb: auman inhu, I Pogrdes Aumay hinten muns, darril d eThe pou loire aset 2 llиgge" Lakane. Auklei Yor ed Auden Buffrin" kbkneng Andr C behán sa ka talhan?
A0017300_00011.jpg	 taa nia ( Hongha Erfen i lhy e Sin Sedu Cale lule enter Murdi Plap C6 nh. o ellyou lee lel kaha, ,Pi1 Pranik, 0() por. 0 1% 110% 1.... 1:1 o doo kaman bu str kli ,dar ad halt Cal%.b. Brandl Al Wow. Hangen yp.: 3,564 Ble llatee w1ehgh0l Mene 4i_8 /L faal. Le. filjacde Orduint /: 290 Aanmere tp ,9, dadari Ghe lut Oiaat Nela haulg Ds1L : artia Cz/ Katin fahigaarn Pangan, • tele Tatoa ar tuhia. nd dadan nble ipe ti patti as t thi trp. h habi Kore Pakufen'i HelspeHael maul Saken -baulian/s Cun RA Gr. dadanha. aberD ond kebelipe. Nanuan, Nº3 ad atei se at A. e ipulun, ,Alharia
A0017300_00012.jpg	 " cu Andin bpreel threo Co leh 4. 4.Rli/onteng Nil Ain Malacaa fitul l'aea Inkaatecnaras: Yon chuncher balse 9r ) Pb humle g Anden Gradbten 12el-sa
A0017300_00013.jpg	 Gur A Ender Grabé ros i Jalkarsi 2 Za. hát no: hobAa mu den st .Man Dos you la s haka sintares gim seif hisa/Be be.
A0017300_00014.jpg	 9..m.) 32. в надо воро не ін віД.
A0017300_00015.jpg	 syet cikon fuan (иа- cho nó s tơh Palasa Di. Thardio mantan Phun • Hans rottin tulens Gnibditrims OLef Andustn: Pon, bant i mums bik-nonma au.. ... в. 1353., tite e 10548 e,
A0017300_00016.jpg	 bontanme Ptaenk Haler nd tigteá altmago dene 2pade 4mвo N35. 3 p. 2 khami mopi Ch toy hihh Калам auto 1 ml2 ay tagan tepam lapm 14 прибоко Артурами: Микі vid shenhys ad dahemm brila finlushe, pa klr fato anakne Дол ін... в 18вавил kno lehal Araika aan fülhinng ip P - Bah im sf 1r d ygece Pejamnn. Bhn fAa 29 chenga de Sen ande salanl tndy tri yon dhea 1.17 himbo es S1 logro Bilin Sultten Ctdngei polft de pame i. Bande fom ohn Ardkygi,
A0017300_00017.jpg	 но 3/: за Pull goo вана 1744/.
A0017300_00018.jpg	 Farul.. an ypen) krk das, hi e deur Cn l./ Oierank, ry apEth Jarenuç: Porem Lai Jan fei af Ris • fritta hitpo! P huso? Th Mk in T nc Cue m. Andes Trattn "(t co) creditfal s he lir sa C 3 Khas na riola/er pontest af sende etenf- •
A0017300_00019.jpg	 Ca. Vom 200 mm. Re 1i6 on RaThe sult 27 03 tox. 7m2 Mak in,die /20 02. Moralen fafen den Pai sont 91. 1536 Hughi 2a 22 emma lyons found
A0017300_00020.jpg	 đi man hillbing Pot for for.
A0017300_00021.jpg	 • mad spo , nha Bolowe haust mo9 rz2ti aun Satmedh fora Fitfs min fu 3. mapo fie ay pe nobl anke tai andande nnt 1 hn nn ga đn So.k. 26kon toy dunde sifian Ber solidariThenle Peminfhnpo- Ree cod goyshr fa flashio. вef4 SeTil Aegra fr tshpe frot tadinye tekenleny tih gach fi Lảt m9 tygha o Phryu wti dndme Aufra. Чив. 1834. ao P, Lago de vant. del for anda flan mi Ao Baguslagul cra. de 2%.2 nila Au tey mand, tam; Mared
A0017300_00022.jpg	 вати відна ? Gungo dn ti chyt 1856 Bysters fam opans i Salal Nypre
A0017300_00023.jpg	 • RaSt.- calnims :Em.SAnt S Baga Vil Em ajit antinlere fo dy md Máte ht t doCa Carman bacit Tc ng /hi t2 wa ant- almama de Pano fons fara ant want, Pan dene Бі Я: Дно4 Ак 192 Sams Cafe 38 Fene THY SA CAZA MA XA AD SAUNA 3%42 Fo süngüde : Sura ts ml N N° Ae. Joner dute 9 2A Capt 2245 na jonl tuk Sl 4Li Man. m ahy Ehi nit P gr And , 2 ta van 220: Com mang talh , ardatande ne Pam - 2: haSh La B9 Rih nin 2 hắng từ ng. ho, y matla ft n gol fon 2098 N.
A0017300_00024.jpg	 fanga o vee ; elan fo fans Jante 2500 ent hp.. 4-de bll N Commea Cl tn Lona andal fantena Ghagtad fow au mnin# •"Entra, fitn femnat dala me0 T6:11, hathw st. 1 pis 7 Tm por 21 1 30 anen Sygne nyant l su mpa 20 y Abada Halinl fai gultmane " parna ofr No, Da det ni telmo, (on Aano, A Aoc e Ls, Lp myrapt uplag flem quet tbng henf weld. an tinm ca ma lang 96% de nieml полноте fonfanis вито, 98 nitelad Saanio 3. 6. em An9 lă dakae 5 4 mitto manenes Bon des y serpe Pand sakiloyt drmna da Zla ARAN'ZI + C Omto, hanset I bisonuim FAAN Pur" fram lamel ate gutane alno e annie.
A0017300_00025.jpg	 Patama bati mista em Ange de 25 egitons 1896
A0017300_00026.jpg	 Min, Letstm! Cly Sistone, Ortlin Ory Ola Sannd Damiddlon Utmatnit dane Tang / s mn T 1 c22 thanh 2 21 hd s e 2 apa ID. Lil Là Jus, Bibl Rela Taon ah Ah Fanfo aim S2i 19la Lan 5210 AD2 m/ew Cl ata Babben, 14-24083 Aritunk) c maple te sema Poping mim deal Myenget oy tan ho pih nì h th hh ng tp bn Muhren oy an oflem fuld dene dang Algen) Ser olof gor i Riskli Velaris yon i Mickla Hemo Ton Soi Aikin ,
A0017300_00027.jpg	 B3. tacke. ant loipese mul lia. Salad Magre Gur Gurun, A. Grobbstrn
A0017300_00028.jpg	 Baà hê : đmể đo Calenemon, a inh. → Hugon aid
A0017300_00029.jpg	 hanh mo fi tín ki n fing - Sadla. er Xp:: Di Sally mit tibino Bl. otip. Clae. Правкута. 2 dhana. Monterns persaray Phr ankorn 4 Roderik
A0017300_00030.jpg	 shalo tzi vieto, rypho Akry. 53. - 1üf n Bitin. чс. бів2 aletye Kapi fitn x20h. Balp.1 Mall Manmo Manl 1 OiL Alapd C cny Blno Sa ! Benga Brno gural Zeg 02 300% / 2440 A2 apsk 1 Ph Koga. 1 Hano Padla / Codan 7no4 / Ain Rasd Sabog. LN2 %L t Mathe Sa lotyo ?. nd Ae 1 25. Premátdu er Isfrms Pah.i R! *h4 L 3 duckja akt ma..i har, triloo treda fese
A0017300_00031.jpg	 1 15. • Горте» al Maod Mand innas. 4h00. A 1 de la sopl % ной 201 422. 14.9 .a acoge Rendin • 23.0 25 se sa 29-% 10%. 2 mayo d/ 21% de parsa2 322 9.J 1 Man tr Baje o me E. P.p. Co Lil. (has. Ache 024-
A0017300_00032.jpg	 В. famy у 4 Tp2 fr Lahm dawo fas 234 fp e веро пудар. a4.9. Ra nase. o u p 2 hp 2 tr hi tid „h-" gau ahim. dh spáa → 2.00 5 mh luth, Lulla singo. ho tr Poli 31i-0221 R Ahn.f. pitbul bina .l ,a.. *2. de partas. Четія з уль я. в Jara- no a.s... 4р.. Я рі: 90 дли ¿'Pivaas as shur moya
A0017300_00033.jpg	 1.9 D my daug no sik phan • Koju fone dymL Har t m. te so na aPn nile Bru2 565444 „t 4 9. E,fe;. 3- 312 L Ng Bk2 led,M doningarny Apul a munnet? eri hni nar holtm la pou.eg. :-d mnh koh mt3. Enni nt han 1% maja ar Paraden Ada Cla h 10. 14532426 Car akn slenning.
A0017300_00034.jpg	 12:2.60 %a Hype of fai , Da dieten aran,va -Loe " Du...fz cng ..% fili gol fe.Me. a sua / Retsea ofan /VE dagau sylem ay hai enfa *221 h 40л. "Thunde az hen S0. Nok. - palmiy c Sie ddar hpo loàs 1/hmi ..: Andor& Doman mins ml.
A0017300_00035.jpg	 mil (P,. retore 12. Ул: 5222 нуб- chen. hu silege ao ifall, fi e tin thone 9e, engel lin heüke, ase ni90 dl cult pr sit F mn: nu 1 32322 L n.o 18-g Leh4h2 benguefr up/p 91 ag 12 -0 -4251%2 одд. Te Leivaetiss a 52 Blad tid m I Brgd gh- g. tl dohm l.p.. 18 le Mer 621:183%
A0017300_00036.jpg	 BOsk PL. Iral 2 ditam he Of Lag BOSE syri/ TiAREL s ecamg Mil. 122, An • Kakt ender ph Ain i Blakier. cop. PHan/air i suknbal
A0017300_00037.jpg	 ti iss; Myh 103 ti Sirim la Karhrikh nta. stfrp pi Te bernini
A0017300_00038.jpg	 ...9.9 Mapi 1907. she Belle dodo a horam antes Cannes, fast fi -
A0017300_00039.jpg	 ande ler Cpunil do se Leame • A Forens, *
A0017300_00040.jpg	 54 4, 274/,10 767 Batende lake BAr, des crimin en taf ou - So Aepita boverm forufta dida Minza qun platu e Yapen oy 2So farg Cype, (om ofra. Zad. Aty 2' Jadinm- de dery, saby of demme pomm graf n/ake ninga bipage. "adens Nih pitmän T anmich Eske B- Paritain ke fu t Aa te Bazig Gepor nah -nn; Searfle, sy
A0017300_00041.jpg	 -45 2 R. 27 7 0 2,50 Y farade og densa/longe. Comhei fom ofin mobl 4 Ar acton of nep ф. м. t hast oo leen dere gemenas bifte, we fede Tire de dey, sitg af demme prmm gref er/ilenigen fifaga. "Inkremn pg sidleds H9L1. Nih poi Tay poin • to armuch ei t- ogin fen gur TT, Lagti ait fan
A0017300_00042.jpg	 Ага4 Y item Ban - 318 pmi Jiams pianing amneis king1 te mmp b hihi"
A0017300_00043.jpg	 Retreatlet ficti Rygki Bakens Cov 19° sm 1832 al 9. Sem dunge medeli hafilta talfe, • Nặu Langen Fhage" teng pon Thêm • nan Mat. Than Kland Buschio nor «langand felles a den, elfir ta Soinine 4 - 08 tAbim dorde a askn. • Jaen thas an Ragden, Münlnys Carls ter ng toi Nih oat, Ky penin ai
A0017300_00044.jpg	 198 kca ns fon Panto depdei angelen iu son doct ide commd anl set fötennlnde fatäitiyen y vem detrapjatga. Lie ele Magre daka/aga2.09m1807 0 0t dellin ,Ot coe demn Peypen,
A0017300_00045.jpg	 2 8% %л Bx 15. Aua eks mitao mit i3pa Psgph : tam ofe Biau diprçare faur 8.pustana Kla Alis das Maastrim fim dlNym Obram Murklenn Naogusp Vali md Bahe Hitnak tahi Cht Fh Eikn Apal sas 48 9% y at ben ds0 sidia tejba tero
A0017300_00046.jpg	 kes ballet sod 13 (g:0 trem fit R Abaditrom, frans sAnl Nyra Abram Murklan stoi e Aache swisian of inag Xana hisel ml Byhi pija l sas lf 9% tat. → i tumn fo ndia lajkén ten
A0017300_00047.jpg	 a Rpn Seoury Ander 086.4. Sed dNopoe Ruso Bo..... B-tn.t. Lam frenit tone se Chriftgher DnSenp danda de main. Yi fediy rigib i tie nx
A0017300_00048.jpg	 Let to de Aperti Jabgem - put Bygaă La Jetond dt alat. Aa Assunne Afinl$- Aana bbjndt, ao y ten du depari jonunenr ad ge Spad Kgnd spaly van - musde bland d -danate ... pihhae bh.pa fAmino fis e hpnebis fasa itig pal fa Co vanly.3im.. kla- da fratifi. pipite ma shpp bg ti d. ppd ter d qu parse, far PA anitnin don eğoluymig - o ys hilemr miy/ mad fe.m Mt Lind punt Mun a patike mino tarya bam spony4 iricw, figis ti lintnpü.s: „ss. kat 755/pk-5üy1x Al vasitad3 in bilis - m nel d pics takte der 49 An is nDetD ti ai sapit-fpih /utelar but.l2. E astupsffl (be anit - pa ps-mup/tadarsin-, sonk ep vanta g ma facia opé d dha i 1 рАват, ро: ва прову р - Км ,- Ang pay te imn sua th te yák ale igh ia f-0 gis faki sma füş
A0017300_00049.jpg	 • apuli prognle ad élabén i duma v aling, ad anfade at Stastn fol mamie 5° yngre danr degang nite ite tmprlit njüte md. i pangn den Spammnid, dalia nl s wand fua gude f n a Mesta. briand laimm ton p8 faye Pompe Stal logi. de daa sham mg nf tupa , fm mif fi-Outan. cha 2 Ratent sadelnf og lifem am tügg ph,d kfu de mi medison tujr my pitte e Yahi - bebyza a jia nig hap, At ani hum Ana a "petan 2 Alla -al pappa nmg angh Dy dear Bygata da d Hor-nder 1825 Мівіт SAnddynen® Obram Mark lund - Civita krune hern mahn áblo. Vh rà Ho, ah lưk .ingarng dellaga- er oide ofant fz (th +/1 prej Sas tox fon : @Sahland Andm Halfor s Batt Leker Pejor Anders Grubblen Kl Aa gu Link thig b, tokenfalmägk Askenfuligtig ser,pentens of fiting hm - duda 12. • Babashor
A0017300_00050.jpg	 ah du fo áckum→ dasa. Li sage: Lilpenin/amp pinli a? Anade didA Sraed9 aunl nánt ca bn th 1º8 Q..9 . kuo mulet Lei ta ikhammag wapa - pettingef, at Parman Ae l of 200 4la- Tran gokafor -Grotenabi~ t dedusgenne id anliğa tiomila fisfilr, d liidp
A0017300_00051.jpg	 Aanded Blafijan inzo glazu ak fla eer pia Pernam MeH - 350 kose Uitk, dt pannona e Raphae - Ca balp CUla . /2. aar Play ni врав... B...du dagane jank 300 RoLLi .Ni Chuạn dader Photon ghan Auhagen • Q6/ 1hin Smetan Adt- Bataky Mes. Oragor maCr Audoele 8- Mau Po lan gr fon 106 / andan Deafya. ALLI Ma dufa sy. Baphen fand Oyan E: dakenfa d er depteley 7.- Pomo tt 2 - 300 karme ody si-pyi s. in aar too/rins and Salpin kel
A0017300_00052.jpg	 infini da lea Petun saken Meda Kongre Burare, eft ordetı ke palyo ma cnns day • fodk, Hazan Ml kenderid i afline ormenen p4. Frifto Ka, tehande dodnemmnen om delat ue kule der Bygden Neodn
A0017300_00053.jpg	 Sookenet immoprotoko11
A0017300_00054.jpg	 → 3,2 H0 1 adx не дра з проди Mr ter. đ Hah n .lac . 224 o 00, 20 2.:180 mt Di goya
A0017300_00055.jpg	 Ichnestinmo Boteo 1852
A0017300_00056.jpg	 Antenmo Pintacillera mul ănct, flü
A0017300_00057.jpg	 tuilem a guang s frickaner
A0017300_00058.jpg	 Faten/amne befat ole sora Deplab-solli tha lae Patesn dohe Phir ts/oom/ ölSer9 en Sumetla - m fam Se/h hg Lih . fon Bn bi chas-igelt bn joh lànk 3 itl te...de nit a-pisspao • Pukhi • andins menl o.llan k,м6.. *Vitare eng Anh ht t indol. . h.ih
A0017300_00059.jpg	 Зондараім Thi rhe CB bryg Bygli d 76k haw muler osra Nybyggaran delerg Pikanfan 1857. ito so latan al Pnece, fane /ad. a lanta Elti mn. ms5 narid mandato. Croisela Ci Bakand stenrai a laffiy hine. Pa, C ) Kulin i 225 2a Basten, fuik. •asc/mn .saa.D/o.N.. sana ..** Mop dagne, liw 26 і ринБа egeland „istide "sufian -raffe... 6.(aure halan ea žjao techla Sanch Garre Chefen it -Maguliekßyanku
A0017300_00060.jpg	 Кондрали nht, en lege. Byphi 2 20t hakr paana Mestisgarau dules Pekalon à Bat Sa.tan egin. to sen litan of Bsanco, fare fale- Erd dan ms amid manhatn. а Завиня острай e Callig feier tico Roano Basten, fulke. • Bp destagna, Yank. Bet, . T „ju lamb "altafp "geelcen ярі R Пасо 4. (nim" kadense àjau tesla Pea 2s dep. 104%. Chefen. it Syntel 4. A -Magleh yankees
A0017300_00061.jpg	 Setate biat md tp ton 30g Seplambur. S. Jelan Yoy, leă Jokeeman te kaladnl Ava. en dokens EEENS g tone mal nels, of 15 ntgifn af Bomlan sn Begop, : Ontn fa saliga Ban tith nt „nejb a p- fent af den 174 lentembo defa. ortance slaererderar al al prenje pafmen mdn des toi alla dler aflodemocina →
A0017300_00062.jpg	 2. 5...N% 242022 Ahmans de %.i 44p 4002k Handigne fanda dat
A0017300_00063.jpg	 • set tayu borde Lüthet de anlaşe faa spala de mob baska ad tini/e. 4 1, Bused Mis. i maile frage m LE p2: Tapa, fam Camminlle 5-pke Br 2 hớc th 2 2 mh kn Mrm/als 0b6 • 4. m derei de bakuma 4 Lifind lu. c ig hện) , pi, tz faz, sgne dy fr des cây Lu /% e fis nin': satafate h.. Arpal /..... IN 0 A4226 fa mgini do Pall oy ga. darme balai (o talan kulin é bucte tuth. /anan nl, tea p'an, tte projet
A0017300_00064.jpg	 19422m anitr paa ti d mpe a „ebi. *"/.por Bifteleeto 2a Чиєват ..../ siğir Zaje Saad de Inho... .. t....n un. hitka tagne nitad vedenig duf ul 21 віря 14:00 474 3222. m ta ngh ti dp, 1 m sih Bastenm iSpas CabT. tagna. o or dellens- Aude Aril... s'th !. ngá. З 1ім вимя m9 Bypli Boline Katit mid kigpha eite dasken p.p-ni 2 sf 34 4. Bre1837 1.0. Pr. Panft.t bigar riM. Intii Artani bift beskurna mn ide Enbénta baft, a deientepmsad
A0017300_00065.jpg	 ntaga defltar Cal etager delete tmnh.... .Pitrell Lul 9 % Pitrel nei in fegi Be Anden Fader jra elo tik, 3 k pr y am my t. Ja, e* forfar mad cas frotour infina Teman på de i taley nalles fiefi/neda den das pida Alicede Man bagise roligh ate ofe b hra(. de teo Phane 29 pange tah!. ea -lign nke) ot/yen kais niti -Ine k „ Antire 5- Lea dem ate Pene nonk sty. 2: 9 Aüden Chi Cig hun c ulme ng 453-64 • Oti Cattres Andes utopieno Lan Tengro, Notubaike • Dalkarse
A0017300_00066.jpg	 Bysteroll hallit? Huden yidan1g normdor ld. torcing Herr w higes :Ha Elendt legen fa" Rem. Bet tet til dep ufer stinkes dadan nile- kormi so9 At han 12g heklanlgenn (Het Selbn- Agroo - beden:" mel del senegal At hd don un fitntu stamfis vl tea 2.9.belim - lider, Grudt anm (kurse Palettfiat:/upki" 2.18. foo Kom NiS ja • aha fidoe i Kihcke,
A0017300_00067.jpg	 cate tanne) Sistin hitl md es Qualya, Міжна 943в м онії 18 99 вір. • A8/emmtäu dat ferr kelled len dblw onbel .O.. Samran %.ntin en Sae 2...e No8ihmalA.A clintn- /Mud. fanthiid dat and bik Z i Bitt tin t lhey 1/% hamilen imell splya 1 P. • Posteo i nemel. Hairtz nen himeg teetab oatm 18.1 Sorkne. det. „/hawma Isy my angrepn es ahe podigit „blacke metepoay renala 1l.... nhih. Derdein Bipră Vade phangs at apro Intele de 2s mi (7% hastol), A armatio Tatfpem dal duf bam Popokt, 2 m fag toet! et..he ipamit fly -Ph/roblell mute Bry piă nt ar. Ligqei hupha
A0017300_00068.jpg	 lugt atin /_22.3. AMbas, li(me eni2 ca 206. 1 .. Bx..2 Hind nt orema mad fy hul.d0 -20 11л 6:. e.indu dth.ng 1 hi (ay-1) mil, kama ka, K0. un» 1./6.82. 9.... Pl..... в. 12 26 276 Ba /..... k...10 10 68 168 . 22 2% Tho .M2%
A0017300_00069.jpg	 452. O,gar badens alino . .. sándije nd Hipokkin Fozzdo ti: tax xe.9. Si dale, wd Ap. Hanh, 107 Ag, T0i lam tamaran, bui Nangatas i alleni , 10ce , 10. 2• Д Jamkeg 3 S0 kg, 1307han Vitå ike kft zilinao 27y le it dữa dupn mide át tap kennes "Kuzdr Papkia віздам" ., bcтagй dl antagiktife, ier da lejtny
A0017300_00070.jpg	 H, ips shoN Spla! splate fr f Han Faghi g t my c Mưn Gut Lh 12 2 A,l.1 ki ,kalr, fi jag aina lisa fi endas Sn. de applemengar: - 17 мл 9 Piti da/ Galhaa lakerg!h fen l X. 9... dránga Pui O4 hits-l af hamami ho et-l) aiti fie -fo3/h a hausho lü tipt fing de formandine (h hen) ballin Lfop 4 pga am 2p Lutf ail hong-finde anden (oh has has das
A0017300_00071.jpg	 , dete hong plande, me Sahi hip băn man y tan, ot derma fons ote, at hitht hankanfit fan des shil an Hig Sapon t ht as diti fare nit yu, t.. 2.9 mãi ham/or 2/-6/aiho omanit fizednnl, - Lea mn, de hang pha ej ma hanin ha. - fale ym liri2) dit.ft, fi mşl befint Kylt mesfet fi4, litau im jay Yann flüss henny sendakil, han det ns hang millha, s pye tos Pipigar CAan X.p, 6;/,hai dem 014,14,kp To kei fig Lf, marat banf kav ad finsal iglag. hagth gimat Kishtal M Mens Mede Haggal /hea Mens Piken Orangen: Tep Pannk ¡hase ten tnht. pinu dend kando e,r ham apr/enar Chipe ng hibis fifi eh, deim , Spotat pmst defoe tms ig fig, tk ap2 hit anit hung Ks. t. 169, 2.8 aug: Landsp, depa Lüpa, hnhng öskenk ayr mick kemilek ] pk, 496n ti 9 K,219g /lagringa damspeleto - y lei Osp. Jou nh-fülin s o%Cal 24,4 k / Camillt Mk tech l Cellinninno tibeto „2et 1;fl Lodaps fi naçon khe ant innebegupen i: kam cida bettina a-mma har epatra at felfra i gi mu mal humo rifizo okto. fati May dha gp 52
A0017300_00072.jpg	 inpaR,bung pe paj min fionde 2 72, teic ke e mot de ping: S.ha a. 1 han har Pi, Capa iam 5% ai mate/zspotan fa mu mena naminng, taning). Pus: Cleppn han do io sj apVygdă"Rakenayütt.n" mda irine (lamant0 har bin CEfa, y alat mitut hama de fihe pi kithn pag mae qau fa, del agheg basmt, by te Sutan sarn Ceg fibae ina, slat lipi datea fas omit. A Lamanjaa fisailannat. Civ dă lus Blpry jeg• deaprananpito applpa ega ailyg, s fanitigrant hratast fatätandes amna intygas att joy layl"Yannany. Q.1. ambura
A0017300_00073.jpg	 k 6 hitl. aten i ha sengal tond vas 1hg quind.. Och tn dan tuyai mis eni ile abebjla; tunga i min aditytln, aun. taiganend Tusano ledoles Hannng, • gore neu an Ise Manhe, n in mn ians nl Bialing anden Au Yôghi gana wiene, Mok MatiNs
A0017300_00074.jpg	 31. 1 2 phatto vitid 25: r dangas friande đàngri fan -fan 181.
A0017300_00075.jpg	 Morandaty erhal Lotter Nº 10 tanteboda Fuerte tinten. Uteratenet Ricklea пал.
A0017300_00076.jpg	 Reaut hues Boracay. Mo.d s Maji -варвати Kulla on Ballfonjes almek intim, Ranmar des Bi deb ge Yanteboda 13 kek :Briatyn, N291 odn)
A0017300_00077.jpg	 Betane fatal nis alahbn. enk bid. Bygdipi → få del ânte mělientia for form 9 àfplr ; a dattea ad anding lake Ramon/Dir fne for dta dnhsma (03
A0017300_00078.jpg	 a ide ao fir hant atata fiet 1: Spred ditr af ten Rengf fel presten. Sandlen du visl amfetid frifl tià Byo nong ha edlad dui stia. Bundes Parfligand yam Ofine. Boburdin -hn Can phả Wit enued, pon Anders Grubb From Sethand
A0017300_00079.jpg	 18.. fata oe Kekice PRy/22 24 ні венін.
A0017300_00080.jpg	 *8/n Bitese hultin o onem Ibry ui QUenag @smal der 21 Septmmde Fadetl wnt Ss Sen paken pi uei Дів ведетан (ди. 20. Cikn amlake, chenk satinbas -dakula 1895 Terngeri nate ons att Le fit.. suhaisial imde od futp. Het ri puspana n i ahad n72° o0 M 1 Fifamlinytni allimăn boker 28 xe digmenks ірлі зілі- MARD ISinA ta aRmpm i diken ARtu/ t·90 9.-0 Sdim fagdeă dakem pey, ul/apn Trti o e hn era gall ay me a"pengano măgner / P Viad npo 153 8° Gum fis 15 it pen ster: denhy abpltsh"
A0017300_00081.jpg	 1* C Mif Buplon: İariten fom fit Sine mund fon Atea laviljeh for de enne enfog ar fatty Ceipen l 5.5 Aor H. Alor Ammithe ott Saknemaum kvigitfiüa W:1. Hams Medrem i Chicktei Hemmet sot hetti E tay oah it det beate büskr inten hueli fake We frie' •ketk "'Aluhlit "Ie A-tes Riske. w Sutty Cafen 3 18-13, thing highir Ari pames gorandinnan e debitade far ej ville he apfpitt till byen mente helk talr/efate deknem sementPr Shone/me, i Nerary ond Panger s Son jente he épige Bermen per dadlen ayyti A 8 Jone Bender
A0017300_00082.jpg	 Hrepbilo, Bonydiă Garkun praza fum opreae Pr 94 8 ahao • afr falingers väprer Keta lito fae s Bibfe Nels loh dea/tronus Gule se.Puplen palsah an Bey lei
A0017300_00083.jpg	 Hueyphilo Pöoydeă Gardeni frage fom sfree Stien Lut ilflhaf.2 Pomnber 133 Pr 94 в Ма • a fir pambingens väğa Kl Nelo fon o Riskfi Nels Ioh dey/tronu a. R Li chạng Reectson ef heg тородов, їм Видовоі çarlenok deaMplen
A0017300_00084.jpg	 az) sampa te, poa f. + деї -у 5- prir- 2097.9 15:- зал 1075.75 7021:17 40/5 71.18 lenne dakeRnamh MS 203 2011,1 г rifalqe supeer 1005.57 70.13 107575 Anders Grubbléns 0702/:74- Tas cnciss Jen 1999 4943м.
A0017300_00085.jpg	 Nabe pele 7º dejhäga pee petopa, Aake pla Palk -Git-Bae Pigti dat tande, ne is
A0017300_00086.jpg	 s Allelerte mptte pi l 2 /namp Stagaili in delpe Lim di pan fian ae per lumin like fy Vingkn Waken Khon den 244 Arabisn ander Olas fam Snote освоит: 183). Polka /emer 861616/or nickle thanojons fom 3x Tcha H/sh fou- Ra sid Can- wid apia por Sagde- dma Come çusto basl. Salaoro bordte riã sid fon Robotlon Boehnngo lit.." Fals KaN for = BENS Di ng dayto afro
A0017300_00087.jpg	 troll biil anno that. uen ?it oceremi 189 ) Pongdei serfenlang Prota a kitin li2 1 A fei datenn /anlen Palmen d ma da le Spoil 1839. lud docera/l 1 Amne SmTernt fronde. it: toanng: demme Să Din anet y sle te egitai veo siml ; Ad-Cryer fr. Tt aubme: Jaaring, Car ten interin aim 29220- Be fraye .9% " Padme anora Anders Guliti cai Bagden sedligart Gunte ding üthot flee gint- • Erl olim • N éntre mannens ige Mr, Pallanas * Von Aplare Nữa t,h Tg
A0017300_00088.jpg	 trall bitit " lenn fat., 5539 * Достан і 1. A dee datam utgi feil2 Camina w spid 169 La Bakeofe amher dile 4201362 lo Ditte Panet y Chea Ate Eapia Pilk/net pf Air Crafofer R afile desmiles Saarinz, Comie dan aire prispote Perr Ba W2g, Popo fer itti Anden Gulitin imiTegder trin, • Eritr aflim d date memo nig Aly lazlgrs Nh h ấg tàim
A0017300_00089.jpg	 enAm. Abunhiadnd Ponda Beemgei Jatufhy 2 fo i MAd Byti" Jate (pag a ef pem m pie Rho. Aynle rohă dadi ite fie adak Mamo sigum 4/. Valdqru untulada
A0017300_00090.jpg	 Rapami garbaad aas no splr wisetnhgo d'amageo ing. wwlim: d Oaf tinders fon d Remagone vágoa de farme forn ofiu
A0017300_00091.jpg	 swickeet, a Sadreme Laguer Ashau Panon i Mobutur
A0017300_00092.jpg	 antusai Seter hi eskatoa, d 250mi- 195 ! A. Y fi des er soknem! de his at fammlis ,na naget ef Repor hitie nt'ate day fiat nnjo cnufh /i utha dăa.. i zain dala, so s'abelr • atnjax2u2→ da dlami, Commilei s. anjap tis vara zug klangad ay del min dalan, dl nk el Wiritems •Vamiy del bx g ofte lipt „Juliy birfhde, diis. kpes ope the monden. dey, fom afrai - Sadaltigrn. Commin/ou lam day kenlak ny w tist ame Jabn. mt Lihaam sefuenide Bac Onslagi /*iphi 1599 a Satune waçane Sx affin * Criedgeu. taw Olifen FirenPahr/dres Bomar
A0017300_00093.jpg	
A0017300_00094.jpg	 Back gamonle okkf/ 26. 28. Pelliti Biteadis gantad nf ateed wgp hs mtap 1В Горо tteli 2524-1 Foor /f. S4 15. Ly n ar kas-mein k..de P.... 16- + .% А Кадрит 19. able. flbenns7 6.n -20 Pet Ha Keotopa i tinkbiek nufiz 21.3 Hietme ioohz 7: 8. *istg Auder Hanf i Abaalle picio. Getip palm : Silamu
A0017300_00095.jpg	 đn tipn tng ling nik namn datet. mA c do TEVAN • (Jong. A.o Tin Foameghie aid den dg fom n Pafe n му н sinifon d filenel d 22 oc 25 i denne tranl • 22 daphn faden teg p: 13 Ardn. Острен і КОл nºs.10 1d. K Hem, S i Badegl 2. mT Fr S at maty 11:.268 à seja ligne ingo 1.0 pe18 foketi aki , tjekadada Ander Substan sieren. Andes Boman jacob gante Olf. Fonden yor
A0017300_00096.jpg	 7 Boacoll Sallti Allme dak. fone 19/072 dumy 1. 27 Ner 11-410 alti 4.. danas ta cher в.... „ni lyte y hegela elle něğer Adara. 1e Beu i Ty ri a firn i
A0017300_00097.jpg	 Potone Fir 2es а . 1999 1%, highz fs almatimim skipat. ăde Z snag. Ssane varend e Anders ude fiom. eis öffriant Of Anems fon i lindyn •0. ати ханді • hum..? kirke wos • Gife zaet i cen! ue -n suezie Stil knpr. nil episto(
A0017300_00098.jpg	 ing l 2n regat 1959. s hyel aulesain R ădeLena Anders Seats from. ei tegniam Olif Andes fori Kia. mboi 4. tenkiie uperspaing er bll pettioe of dea kaski wes Sifren Vertar Acken aan magna, nil anfisp.(
A0017300_00099.jpg	 TCK. Rnlyoe denn e a ay my t ep na he au dece nd Ak Plan füel d dae ang Lm Ancen Son Ml alahrn. ) ; Pabliadhă • Читавива -aileru ha van lhn et ger aau de hgi fonlen tonghcatidfy-tfrm a talam languno miper PH Deharo at ofawn for malde fsom Ofailer Aauo Rnr8 Yorke Selanade no fortila ofo hu i lankadn dan anders je Sahtharka a Fiamlinga viğur Anders GrubbNro 1 ul. Aud atlan StBephot Nhnng Hone Tons, Fon : AnKha
A0017300_00100.jpg	 styp-loggai Sah Plaue fiut ă datemy •dole, '. Anin Sen Al Paktrer) d2 les sackuen ç Gp dokin ¡ Dabóvane Vinkebali medents adam oft tati HA ait bad R töggaéntalfge emm hu mil a gertamligero siğrer grat ofou for malbe tem laer Haie Rndrd Vort Symbel 4 A pring ir ted i landes Las anders sin i Sallhasha Anden Srubt tron Днідовон ¡Salbama Hadine set Bunghet Heno. Lons. tm i Aitha
A0017300_00101.jpg	 Ka,tetelit Ruwe - QUeraye Roann di Auc blil mlloryd Alsue 3s distemeor 1n) i dadan/nase den 5chotowder Клик dd. Tilpeje of fars Bik-dansbamaen, # /hemaleane t.heo aMad filiga bishn (4, mat ik apu fifrg on foren, ide Дарна, верорі 20. +-/0 16.3 /6. 19,40,0,27 l9.ar: L. Khasi k... /Defettringe menuza i Jahanamneno igaer Ofteshm soden(hc :
A0017300_00102.jpg	 halekal- 18 R 22 Qangifhane Pnfbitte) A /5. 16,0, 1. 19,20, 0,21, Mid ma foreto mmen fi „e ACkS hyo ma Bonu dut, a dah... Albadentec defer foravata frang
A0017300_00103.jpg	 Bysittiat 2 Kades n sepi de saerkeg totter - 1.60 h graniperton at k pahi datenit .Ra/, Titrum 6. Arke Balaa Reen safitus Ilakmurk 1 had2 ktm Blude Pyn ar dater i öpukelit 12 ler. Alauri Lebaln Aibwr KatiyEhpoehita ARA9z 2 2no4dміm Bgli Fatem/hag l pepamels Motömi Saken i Milnnt Carl patter fu Bing Enkri Buth à Jokne minnems Háguar 33: Kht 2. Phos. Alder Srubbfrom A, Ikadengn naja Simaikayyl dakid ilălat i Salhana on Tpandka • 2л, 2Зако Benten fila eLadoe Modelinten betta proren Braien eli ny atter ans T tirend ath- fadle
A0017300_00104.jpg	 Pir fut almen dotten 1. Hay. 9.13 Osber mel Popder datereaiau 1830 . : dw dg opi kl ahn fleip-eper.- the helsan Ae wed lean - 95hml Gh kfo pe Rida Kus Pape e tanteten Cea betyen Rypkă Saken faye t/oma D04 Sallin * dd.2. ag ergrer . S Pothuer die Lau Pug hen Andes Mit fen: Aukan Sr tons de dtfh... afo famlingens vegne fran Petepan i djakad
A0017300_00105.jpg	 appeli Mam ageref-jigğe lierne he aabatm „t (aminde2t alh Fynsl er far/% Of F.ufetade
A0017300_00106.jpg	 disn Tacha Bebed Ladi comen Castanhemma den 1 Dogui lery November BB9 RObali Anders Grubb flam • Dalhana tenders Doman Cular Pitam por e Bolake
A0017300_00107.jpg	 pakinDiliiyeun:19 alsda Atvel hiat, cemen Costantin ma den pee relao agh Bokn Ri6, hyen. Smeul 4, Auas a datem mne vagner Anders Grubb fran i Dalhersa terts afte hti4k tan ders Boman Grulan Pitm pou : Polake Enfallin
A0017300_00108.jpg	
A0017300_00109.jpg	 Paalbilet mallingt, ad lfos detonherfe 94 d's Bygd: dark /ag da fo nramber 18g Elemen • → a alemagan a. BlAntansont Anna Peli Am Aiklui „de pastaera a Bào tc 1 g ne tr dag phu mijene Akifnknnde Aden faarnim Laks Hande ett fropaica mule Litmice a pfalae de moz нер. geiciy eftenng str fr tan. mo lfit ft.. emin fang „Ar dilten a aumae meyer ae Senti Mnd sare Detroldsani Miklo Oop Ains ge Har Yous Jore • Rillé Xu eiotianeons Andors Reli tn
A0017300_00110.jpg	 Bb«bild ml tiggt. 2m20224m 159. Knotannod AnSera Pdik si Rittu all ots d faal firest Sakinne att len faürchon. R Jade ettr fegein sedl hirmit B6 ei chmie vl fom Sere gui füe Le sty ita ader Loa ma dahlma •demiann Ne arbist 1s-s sid nib/n i cabti ee-te tuch, he fattning trito, enfalt ning Sa4.... geme-fiens Efot dett hülten Lt os e a almungene ouagaer tt seet. Pcd g 3 Bn M.cs. Detroldo i tu kle Cop Amien i to Yam Youn fon iRidié Yogyui Sale fag De eN Inunbr 189%~ SPla mend ta g- •ul tertianos Ando Nihi fin
A0017300_00111.jpg	 Jestin fag Introd biat me Bus amage Inter flage герія 5fm.. A
A0017300_00112.jpg	
A0017300_00113.jpg	 Lur Thane -5205 Buka - Trờn Cànn gaé : l lầm д.. naja Semettand dalnyuk fan kor kl аканті 12: ulshi de poliom. Heimte nipfuån erllem 20 " пл Ta Nelen intey etrut engine Sana Teho Ea allynng doter dume 32 Inpa Sufr Jon Berci. Nº Qual Pigm Pirit Pian dt 5120o. Dözpia iA Japan 2.Crbalin Pi Satenumen uigrn! • º : Cajsa daflibed i Elaftmer dau Bygden Mc scán tam ls Hh Saki Anter dolen pale gige t Shus Date patiosili/80264)s of. Bibed, thes, nlc.
A0017300_00114.jpg	 -/ 840 malei Satanfag fami. Conne Pögi dat page nopp 200 mim Im Andrs fon sa sop lese • Riklen i Dalkarhs mil Tikeă dajt 2º
A0017300_00115.jpg	 Yowilgal bill Sakes tuft 2 Hil kr a 29-58.
A0017300_00116.jpg	 139 / animistes "z Ja'i Hufo oban fat, mirk aumaleo hienbe - . 1h
A0017300_00117.jpg	 Infrit Prahooll de.-8.18. Mahi 1836.
A0017300_00118.jpg	 42. po.. 1838. • J. 10 khil; bore stick See pio pile 11.1 Mentara, mptemo dei Repentin t cute. Bangles, for open wait for
A0017300_00119.jpg	 Hafoil i postadi Aten Harke gnei be e вві вар Take Hemm Portol bakeli So dertie vil sui fol qu. Onede darken/regn de 29 fum anha le „8 ied. Jrnnennen Denne derehe oddly feeks 71 talms, Pitas Fngo muer S date a /en ofman or duben non nyner Furd-Hade 2302mlm Anderi (yil ovi Rih La" En od raafa Ciri olor yon i sikln? • den slagt Khati chuden yi 1f, 2 delhi ander brubb from 9 los Daklyren Nu Abr
A0017300_00120.jpg	 Ao e hi 189 ăn Site nfin
A0017300_00121.jpg	 #ensist etileren os farme namn HAV Cemndo Sulhen aflim las ifanan /ätifim *o Shen drmden 18297 3.1h. Truejoa H erdan Sn Ahn antay - * fart Olef 8557 18. 18 18 Mubade Andandan yon dones Cadon 10226 Ch ka t Jimnh d tor Ates ait sun Gran nasa Bre Milk eim pe IBo. sáng Sha 2 -8/ Aitel: Sorfen Ay/fare Cat Molan /steg. - Cajta magluina/S -14 -- - Cma Mane 18--28 Fack The Pos Lopdia 78 30.8 aknat af u dut St Cuma Port :-/573 *Sandbona dos Hans Erolr VSEN0 4 Dibime Sahe. -8 -L At Tare tonse net Yisecde Tre Git Bolin — 7%. : ++ 33 м6 Talip efedin tes aftr ott (527, 13= m 194. Bed 13 g nen sinin e ritit hi Bra Bum ringla dim tat. (4 /. Jetndehğa, ă Jartm». Ca..:p - pur vápur laze 112 vite
A0017300_00122.jpg	 emix ku /84fă Lue f пл° 210
A0017300_00123.jpg	 Fortkomin på de artige Ranm fom pop naphmee a 1840 enlit Sauber femmo bylüt al dem zt nitin depumber firma ätt i dag tüs de minf lande efrelemm cmst fsbe ae dem aedeblen /rain fade oef i Kfomen enderáe., Comvit Ingres Armaste agios titla ef dal namne- Crott Pattar aflato flumtaren Bankdi 85p2-- Ratten. Melani C.m. Back mn 2. Annia gadon Oela anton 1807 6_ - deleget Ister yprunsfn- Fi basl Crot 28.08- - Bordnikcy Hd @cherfer _ - - - Ttin Anre-Magdalm 93& Pol etr dad. Boben des В X% Anley Zackrisne Yona Man Y8536 8-X Smack - Ak diale, sf rulls Goebbels madon dna ungm D03/9+7 Oppefjer. Chutno gan ffsh Padile Sufen Nyham basfaku - Sina murt dallrend Salla 09м60.- - Uhrsthil -Sophia 18302/16.- 1 betesvaltnd - ft dans teter dany bole 0715- - REFE Laba te Than Jenkis 07305 =- Arackimlo Sr Pals/ai Keenerf Ton, Pana loriu - Ghan Crafstr Bobanher Kersey Pepr Norlun datta 6 095056. Etater ou del rhe et gâphapn Потурія satay fastgro Cobo cao Geh Sotter Yěner. Eiw slpmon Till Tacob Lod. Brage Sori 33 -Okula Ondon Phipnspa tond kiparn Orakht na Yokraru Katya. Bajsa Magistene bullshim. S Kengi Oad TareraNY. Ull statineringen el o lins foki get kipr. Popele Bukenta die 0tji 1r39 Aa emstamsson, ahme 138-
A0017300_00124.jpg	
A0017300_00125.jpg	 amne dag kes kinsip9. tl. 20 peten Cepe- ang. Hanif. .3.. Retin, of Garmüt /Sakka in San Seh Pcmek... /imgela. Atni Senspond Bon elekr Rut 78. 2- Ge Bas Mola 5,9454 1%. dale 16 Padde 2 Fanshai Lale- Satar crei Yomnd. secsper panomane fr ferase 99 10 Erlimet Harsanet Pisdik e ereky Akutla 2 (hersiten 16. unstad Rude 84% rakinde th aks tassapr.. 16. 00 8980 55 s2 Babacine (enm and fo ak.. floram, 30018: я 2% adars/ane 26 -/964/8= Peteru в. • Baglalia /6,28 dallilar Riskla-Notily 1951 20.- M.a - 96., Ek., 73 tamda t demnde k nailien 2- Piluk, Saks ... EleSelan darı Bygein Cef tasilens foru: Kirki fjoe
A0017300_00126.jpg	 hamamde hu 1941 ăna Socken fhia. Bat auriend Tatip Bam ăr 18H1.
A0017300_00127.jpg	 agil Inham Lett hang ni l pahne -..I. fkapih dudi ofrelemnnd. armtay BERAMADE Lah,i gaga Bon. Harklats Cor.. Ptar Gram/a/). + Robles - artan Ohmeni/elle Jonla Kolu Lom Cr OLleS /G-- Ac dun helst Qad Oana/a -ST-- OG/Th Aho -t9 3 25%5- - 2 Wot Jolm H'yleñ Jabenflnga "Lanemenend sugnes → daaлt3ynden, Endem Gube ton old elA toni Aute. Hakan Shake iaa.
A0017300_00128.jpg	 ter Inhypcsmanan čhin Yarad Yomsfont i O%. lary efe n grat nh hun ( arand haman gifóno ня Зрідевіл fanthushhua
A0017300_00129.jpg	 Heme, le 1543 ăns Jackentammor
A0017300_00130.jpg	 Torthring, sr de faltge larn inneme ? manarine ai firman ar meánflughe dey ta de widkfnhmnde dei handsfen zemoeniae. Hrean H Fatalder Berne Anamartes Congene tonn H cne forfone Som Tele, bulon 1890 /6 - Slybnget. Yoha Ghemot- kan che Brof Betnfon . sinti232: Sfialan- tome Maanlehne seis 155. Comn frugtehn dat And toaden A... *g-lbe Grubblimı fon ne Hotep Spio mante. Plebe FoAlend Fighum doncs Sama/hrane Culea - ate /ofen ekullo- Bad Abrams/as Whervatnet Ardeo /lehra/ee Whatte : offs tee Andonde sut Mo til Cunddoad Ce He and etoedhis Modis don Ekaise Babackan ná)dibod lh chi cis Nad , Al Sildene n -e Orarklinm Be Adn gimn - Nas. 2 dể Nat 1E shanndgui/l- 89a/4- Bodaeken- vo apte de prudliron oda 10/-. Legdee in nd ndeta Rigkli-. Bghr Pehas/aiSagr — Chu can n hig nà stanal guite alau - Sahun Bhofgind/m- sest 20 Ion + eRatluu Gunf thomar. Sovr, fureck fonar thibelse 200 2 At Cg Crohn - Ultervattnit e/ader 1 061 Mullat aneje - Aspyit, Papen apickemden Sae Ehamsf . 10y ue s alian flage den 8 Oraa 1942 S,04, ellin, Oof an gr3 .t hi Mitei Praglaen, Obafd dottr nese Brdoll_ dae Prygdors fulat linsen Socinga
A0017300_00131.jpg	 Best aueerade Barn 1842n. porn 1841. Hla Qx Sli, 570 100
A0017300_00132.jpg	 dement Bern An Камерат/ Ahr Ashe Зубе от Gert lie lachi. Sama ENdaydalena elation - Erie machelme salement Живое 2348 thalla Carl halen - Anden Ahns Man Sibi Poura Arka -Katen Ehrten Sabasten - Par Shie - tasten Pestat ув. -5- - Ratka 832 AR Brathias _ -alli realtest frederint A ta Quentin a rede lephansas Maria Hellalvci n
A0017300_00133.jpg	 c'ateluma på de fatin barenen brads derken fon foř süllemmede ar (Skenştbokam belad. Komma elt fa den arin/llosa de repityc onf bolasrder, amet födanlfe all Bamn fafney ny Chrifalg vardad Küd tes esi Chra/kadome anernnfal Taw ut 14 Seasim olann Baz BAma, framn Pangas Sumpens Ф0кmn/ Granăte, a Kabela! 1 Kam Senegal 12 34 Cah elalan par d ma day JASS % Cant Map Mus Pida/en peral - ol/shif. bte di % Ande Pade je Kaban! 3990. 25 Cao" Wühay Attik fanke Cast %ahar CalAtrmt Mane đ' ontha d. 06/p. teh Badbar y Hund dodis 9 1407. % Och Cote merke elk cif . 1080 5 An Vanl 14. Cane Mak 20. 24 1 afi ei Cullina dut 180 5 Kmeak Caл Bui) Hietans мен. валовиди! de aN'sT bithen (poder? Js &clCackai Healer тр. Chei Rickha Rt - 20
A0017300_00134.jpg	 Bander Мол
A0017300_00135.jpg	 Se technin gpi do fati bene an phe bie /o fe matema sa 1847 6Ky i ilede alan fük att barren förgarligtth christelgen věna, kelcå, pül Gusêteninger. -/ Heno Tonsb Pole soupr. Aan Mags 8 Babachen Ander Aldeba8 en piwhzM06.AG/-nota100sAd6 Gaoh 7 e.Togeonftatren.le-14642 7 4 - . - 9: 234./01 Capalo vin10 l Friendco 10 natte eff E Grubho A0. Kajo Hua G 32 la rom Peni9: ddoudodeofen/83 trd Gudd y Ngãn Vatta 6 Tel-Alrfodt SAF tamte efa 5 iteragu fadnen - 4- - - 9. to 159randuga 16 Te manti ehi Cecelor s *--- 5.3: g gise on tkal9 Werrall Ardens Sorafa? .. - 99: 2: 2008-0440im 8 24 Constan Batis Ma 24 Rektoro Mat Morn N 200g lorb lhat21- Shibrin Pehr Mer 20 •ergo / M/Jacobo/nia 153/p/o hplcis 5 42 - 54-2 9. sit lavok 6u -ag a Pulden H/AtA/Z Pulmarh CA le dili ipey stl. Backe nes Lars fo nspa
A0017300_00136.jpg	 Pr Sh Bnen.. 2 see " sheia sle Lxns~tlo Tiaret Yesaee • Sor Koaar hast hepa dikit fermest e Cirpibel e / he lapa fairamicade otacder, no anfando chat, e sun destrishet anhäteit on den andring wti das • Amfuraflan de Innsi 181), ata éfim du tim tuantoe, hoilker hemnint iu belique comn ariyle sal, a mit frãs heptao, and, derest lenduçu 200. Tn Bec ....... rr dhang sao. / sama ine betépan fi dam, de de enton bent lan. ashptiamo Ca aeefrafs pudefracte, ales fir hamer mie stacçanges, ckaliiu rits b:kkbnln? ia ao filane tupanada sapos na far M9- 1 .. same bagagna, sd vidl kangin he. faringetafoande, ofen tintinqes hinade / e. Lave B BB • Siskacstnma, inte firmer keinzu duemati ifrir nk hadiça 2.. Bygaeis Pngh dan 3/ Ra, 1848 1 /5. 6. dans Beraden
A0017300_00137.jpg	 harigenos, ate. iti lahenge attest fockme. hamma horo Bugara freknemãn hun a amne oek det disfon fishe fordrad, inute eget uttitaade, sã fort ske kar hemare beet meand Lanco der 16 в 18490 Onomer
A0017300_00138.jpg	 c ăn tưng.8 1845 C.. Anoe Tinfo Rafa g nlale . pniny Буза 16- "lir smint 9. 1
A0017300_00139.jpg	 36402* meene •Dinte od Band. namm Japara Hane olHomnit dmarkingan - Bit, Ak. Fakkelm Hie nn Ahr duben. 69 /4 Tрно , Sisaga. CantAle 10225/6 •Parlartt. }am. 44. Thone Magdalen s Tinke dls; ABohrik y- nn- deplom i Nybl "adu Ciha ena tomi chlo 027 15 Cp .Ka Pin đầng, Ao2- calle efes lilla Grubh en dus Higa 03. •Riddle. al teher -200 llisoa d.P 1 Youse Mto, Mha 1048-10.2 ka Abath i lethanu Ze amrad Bare Mie 4 436 J04 V irak, e d'ando, Spok LiE nilih mmmig paprik il an Vai atalane Sakar Caa Ank S132-12 s Hammondik MoMT 13N Sentos don — Fini Sala1031 - Ninp • hinton & ta /h tvg (врове. Ten Tomic Ms 8 sloppe, s pimmmby A: Pspiz Arsi - Anmitko Valen • drás tende het • dea 145 estrer 1537 i Epen Inhtryn. Poetsels a Sahu mangh. Ne Hop Rili' Vi sip ning
A0017300_00140.jpg	 pennes sittin 11 Papa i Thunder ant goR. Sappending
A0017300_00141.jpg	 Sii Bypin Papotia dolmee! tone andubăn ao vala natangenl Jakan n aTt demo undertal de mu fifpiatin miălneo Sr har efertigio i alluans rail grifin foe
A0017300_00142.jpg	 Atenta- mutras na de nene 5 Sangio la de atleta mia regot jalti ait patama tratanto file. deram fanto d dona fao aulas? Ladra Alenlo : Mustafi
A0017300_00143.jpg	 Sufod i protones poder 1.. 21% april 0832 D.D Vil neol dtmt .BN Luk m fo orfe alfas iltrestes Bandi odal Witte Ada dyrau Sifp ad for effet e deman Opl pksp • Вилива с/дри, зрит Kape datu/eye ot fam C.Ordcim a'au mayem ig ner O. nortdrands
A0017300_00144.jpg	 (antage
A0017300_00145.jpg	 P pon chont Peir, sa foa ta Oogpei, as yat 1801,5, hane Thak. Mt tso 2 p pp Bix. katap, zo ălija na vélpigdal, ander ratt ,. ' ia, od hafue. halk kippor Dear em itfile Barn; Sike, of massin. C m0, % 4 ci / 5p1 15g Oetaber 1839. Figuik Förenannd Fanas Iredre Pehrsfon Pel.) Ilidr mumlates i Bygdeă den is 184), blygas. 9 bel, chemnitlitäde , has ураї:
A0017300_00146.jpg	 57-1846 8F-1852 metfitjaad ton September 1899 -
A0017300_00147.jpg	 tafytta, e ter tin fe li netin ino
A0017300_00148.jpg	 iagan9: Btocells 1ok... faman d.l Munt 1839 Algg lei Sorkenthuger panoriltemr Vo Yahlqnen,
A0017300_00149.jpg	 Tome Andan Mto anfa Madu frã Yonyi hus Yens then muns fal aite ăn antağit sat mul dit silken kikwal ate ánlia lerm „f fåš afentp ar algargan genome Yano lå hajf kartlaga Meñu mit helka ham wit io antril Kinte das jante nidpo hron, ad fralk mid lt flh minten til anti flat hunte def Jame ag mnd challe Yrew foi de i stew nus gaughew sprana mab pras det y fortfitar w'w Yitrstü 32. Rahsaalw Rikegeflas buradenal pãš dm küt deu ametige lu Jamma lil nato xef. Hanliu aw 20. aprl 1039. Matko Calrima Matres&& krin
A0017300_00150.jpg	 e28-Jh 1839→ Faz an vil il den unda innom denn Dotanting am firsten fiktion da propou dachelles Ligla life 1 bis et Ligut dunk Ling stem fit ad als site an mon für khaben
A0017300_00151.jpg	 miz ai de a alzarne auman deligagmu уза Перо актоза X от uticanega- ae nal i tuma min litma alpha, midt san braiçadı leffet tie mågat fi kellg nn nf amis ofan duas acku digiza. mui pontentin an faDumgalena fhar jag thal attil med Latan hit utan dai oflena Lav Milan a Начатого
A0017300_00152.jpg	 le Bondialay у м тор вротим eh fan stre femme :
A0017300_00153.jpg	 de Panernan, hộn rin tn nu gn gn shtome frabte, 9 edur enes8. kenl 'ada Ctke 22 kap. O. Gemes Hestni eling. de berto Lennyen ..... Kod, poe det owrlht 1 papeg a2 mas: stu .mŮ.š. mit wy. •Arsene ник. 2 ati chama d hou La ice d 6-i Jantore trer fs . 86. 25,4 (antas, 100i shel Sptoomal tunt de to frap la aeta tet han nyes ém Cerasy Lans 4L / hudtefada oper • 3442264 talen li aie . Ar...9 hsd lha fak
A0017300_00154.jpg	 2 м 2%726 06ảg2 Da Spagnant an, article 4.9 tonen eifertenetid. er ihr Rites Rat Anbin dahi att. 3,98 00- 379- Le minde a.
A0017300_00155.jpg	 3 Cap. Cm. Чура Asperi de Peton duma achilades eller tori ur dit semen 12
A0017300_00156.jpg	
A0017300_00157.jpg	 Somnus 3. 4б. sill ma hie te butima lti-dol. ery, nil w Fadayont iall de alamoon sine miltien tea Ale/luat, hellerne kp. wh. u/henp ing doro dojale. igentam B tong Taga l/am= aet mpaler; hah, savit aya fis h-Toh mar tela 24 90 "n forefhsifil ă, vinner hipe- Balte yofia drolk del trai wi histilan, Suront. 16h0m .. might brane „anate ee kenifor dcan aroan dyreman-
A0017300_00158.jpg	 Blanes - bifeny premy Py"g) perony Than hrdy! • Paanane Ganne Mána finingn m lago ofulla б.л. .l. La 1 %1 Condle finta Corte der oud viA dana fa aminet kán Back he 206 = 0091 Pangar me coal? Cren and phep Grimlafe: nite 8498999999998998111N80 Fickoe, Folas Tornistr Cio Kk д0184x0,990999011 athi ma gog Christa lu i" dartmoa ses stom ging Hamitig Igentuko, an får Arayi forsma Kregik: taver, gring,
A0017300_00159.jpg	 Sachmit Stand Londo buland. Tite bring 95 рн 955 95 " 95 Under Offirare Angeling, 5 1003 Specti 6 мс den hing te Fahrentin 600808.8 (Samente 30 95 2 57 350 Haghtmin 95.298.02 Wiedning /02 48: 980% Fackremar 39 Угод. Renda Schad titel Uper ment 6 ,
A0017300_00160.jpg	 senjilsk si Shafi.. Pn2acd! js m ? diai an popiti ifra 2b Pinan angainde anfhaff letof Pekpai eHyrh Lht, lefå is fine foiklama, an js itaya mi mãn to tat aphoda i hinh 4.. i fa -d mingiflg dogui, lam. N.9 .в рало, Зрофірі genale erfalen falfen eummen nud ritla da iarbiblrman " ho kyin fulinbe! bida ABahom Chf hăm Lars Capefon T. hon Hàh. Lars Hansjon te Băa ; ăndeyn
A0017300_00161.jpg	 ral. 2115 Spero ca 2% Life 2. Lame gente helman bato a Padua no night but tai Copy food Sil 3 Kungs. 30 He profor not planta quaffi 21 sita 20-6 Riga proto 3300, y Can dpik 33003 me. ol i in happen. Billy, du 1yd lass so - das caff;
A0017300_00162.jpg	 Nº 2. i ak e frappan as otrjalsg düs eSabsanme (andantes' poră lefe ti péil epig psaua (spa jim malle, ar cuptr D.. dar nigelifa sfr biogilijo frejasi áke, -ioan pil almg vda güa featuin andedondbyytad mahilit,/u Ps for miñ del fiedl fuma alemagend ossnar • eyase fay if kni ambul, farnis fürpe magin amlet dejtads Ci letna fisan agen, panl reperal Ga lyang; qu losm jag ni n te mile desmpp and. påannadan af tan parmiaren Hundn periklen nilaia Nyge ftptae eu tolla, lu de molie valeriales fos mpesaremm, ost dacid plirel mon acta om lampelizafe ja22o du enparea (matrialen aml du jima ail delart lusga (B rumaga fone desvid flaule asa same, yas pay HA velat saede almegod app mard amhil dere, an don pajen, fam aciag fallas fordonende hei, al i egente af tigganare den fritas oni, fo vål bortlaga de gama span, fom far pillren af der nya) det etminfone fağer y vkon lay fein X. duglige enbeter på inhit, fao na ts men pei Çorarje fadda frens bergan die feí camn, s defila aSi blunde på dü seie madoleis, la jas rikt gando, alt patene dagö viskan le
A0017300_00163.jpg	 .7 26 frăn Jakar ifes de il vae fafoa nago, ja, fero af ebita semananad on Beos kilimig ylual pir infaan all jes phull alage nig dites gufrifeklizai depiyr, aal as jaz si den de- lar ike nereu nvitiy, efuan dan rife 'o lifa lum, få au fon belligafli dago penningenti Uyalyominço vis fåi jay ork nemna, al efar anfladmabning fennnă kgsho taket enn fana 224k.ala i brd), fanit fren sch pleiken Radd kir jandri 1 alnaile, iass Ciofpal.
A0017300_00164.jpg	 ta simu bal pger ou tarpare wnalfiht tu mg oá de apartando és tpan Ti Yadlungt Ligh т jg nal₴ tu on hise of dife nefhefhy ligs att ilfemn geut van filei em nağnu obelage, chana flay/, BAllann endgray - S Gandint Ce hpn eh its dan andes amade au fom op er Andenfon;- Mirwattnit: Ham Clap a6 Andr kianinu Senk -it Smaridung
A0017300_00165.jpg	 104. AEN. Cal Ajomalls _J Yowad: Nt Malon Ha Vandalen dansp lar dep pisb Pinfay/ai nte fis löngarte CArema at nåtring Anikn 3 hi ala9/ dagliç t/om friteig inlikl 9 deir rafitane firefripe, fait frase das onda Caesoni- Limma fan fy kumbet infin bufo Byzp fleron dis domn, emol den dageraanins, fowl yiamăm uliauman cahutas ma hemmens at hifanat alfrerefoi ni mid lide em alpine faala ngod we ti golo tenpen da táng m tin, optwiy. Bagjten" - at Mai mai /90 rare le Cintau fale Sampan; Enders Boman As ahler Shane forl Sl Flyn, Jagenua fi... i Sinnar lym Hane n ng dau m i fein Bre. -ran hinl g hanh, Sar e Marcus detafoo nh Beloni so g e. Topame Pi Tratti Thap Sas Su thit pháng dung By liã" xa 1 Ql 1240. Ton Nello mi topan-tutm. Van Gelfon дгд). Захор • "ala,n!" Lan han/o
A0017300_00166.jpg	 alcor Bast' Hunting - Tane Libst Re. ti Langos in ticen du lhot Radém Trene fadpanda) ds foon, ni ih blam fif Phe nta et tia de d tih .. acá9n •Sd hanna ir mis nj lgip, Haa ari qa de pyon Gahan Dnae fuk AS..A2 *Jamma tis jay na ked5 pară magom, aom Mcal nig san spic ma koớn 2 vc 2019 mt itfia ne orngine fpuita m de -thanh yit-pm art nhle fat ig ta las is mh pija,an attisa falangists Aplik f d elie, wanga fricg .Spa Mla mn ispis bande m tapa (i.. ti itinh lipi 6.h, ga nn n ha, .. gi tia priet e sit aflip ilass frylar pem de tfne de minh petite nam Heyery jes t piesldt s sängs. 2 metare fanatiken pån yes lofiban altaj. UMpaa fiat ta cro peperaço matare Ana. Biza ga jy tü skammeno londonde wit fam tana -fanfars ed an ms pengenl mins kja hiTaCLinna Patend de Linger Depe hur elaps gaa Leu Ans • Nidba.
A0017300_00167.jpg	 Langt. at jo fatahalis mig ded baleumén nen fa i dew papetering, fet instabiege. o giarje neha at de arbetande vis se tuileri iti de erüitmos, att ike anhatendo an dugolije arbe siano fog inganna
A0017300_00168.jpg	 Kiho dags mammen Cel Inhnshrifuan lew Lau Bygdens " beitaro, Byguiă datao, lefutmijtijan heimlaerb, aer ă mu- detah wape, eti aft time. o Larmamo Dardiun Perle hun i diframnto Goden, utlago Knageno Befaeingshnfuand, i Leita utflag af duu 16 de Yi mani 183g. jauho denil-Soğanno mag i farted an Bne Kakin Akups: Distik, kitka epy kipit fi canh pinje Cpitint hin Tendi 2 255 i jipram fameri manel, cees ak om mDan anfal infertio, de farmo lam mallag ach qanta. YaOs pal -bade héntima guink lta. - Buti dun 15e maji 1840 - aumar
A0017300_00169.jpg	 erid. It ead Hanema. /3,ae Snam/hy 340 Jam 2kma t ăs. üiph bea lemm igh As Sakea faorum E (lau enf topjnx .A.Feo loct yon i Aihai La M B Drptă de 8 maki 870 ErOdeei Sutan det as pustil in. pisti pretortet ef filant Sovhie P, la a. Pp tog đe f
A0017300_00170.jpg	 *** med elf Yaolsfi, punjo firm falnanie all forder ay ti kake fe Arten Gon, len ng ton ofan ag å ansa. Q Setenannna rayann Autad Pahu pu i. Bitekuir •Bu Cyrinhiniog. i Akallas Cn Mats for:
A0017300_00171.jpg	 Ds Cogni Beni dR!
A0017300_00172.jpg	
A0017300_00173.jpg	 1 Xynoman He Tokdod. Repti Tôy, ci Ch? / İypliam as ens angia tipito shak bacilaigekepnilat chingode n pailigo josmn ool cosmie fusa aaler vae via Aia comal ALAS taigat ğ nd delapanna soaefia, 2.6; mau desila intrum vát lala te st min By Dan CapAs. dea aas, frP/ia Jrng nondln aYatagning fri tont laja/ mihp. hat eli krome m mểl..' te p pn tit pb lan „win oni, Linis 10 pai 19.1 2hj .9.. mil nh tea fama, lu dt-g hám hmia. jida andoatte Der du iha jik a mata. ançalen zufos siankneie, nd mud funbnny tei frer -ia X,aonerman amma mulao ca de jene . a.cac A,re) ziold me
A0017300_00174.jpg	 Kymboher ag ковати Hiğarevardise as s Hen l. 9. Cellin
A0017300_00175.jpg	 Balal hikalmus font Ироде а - in hagu h., gis puli /s40. d 8 ded dainm hg pie y ane hoe al Cordoge Palmi. Tadle sankamle. Anna Pta nu vistande e lems" , 10 RD aU, Anthe Calmn An... reníta ny Acid an hnilkl befat Jodenmánm annda Boarmlo pimynise Bonh -tale Çontest i dalateater, at g'ma fas kenning fad, Pon unh/kellyiat, san aamo foran lapande patyi
A0017300_00176.jpg	 4° alperna mi Ashran atl ele fliti lü a CZ sa Bytmket Früklri, Burlank uen Satiriome sekonder. Pehrelas mu -matan ple : Hermandago mot en Tumma af 10% da Kefende dalv huithl Inkuemnunusa, faje foi meyekit, og dank inten du stear farhidpu andun Pien tu noğžtean.. ligar fut, ike ofe te jande 100 (yDs. 3.= Bifas af Inba manan et Pigan Tri Cart Hams toka mu silene: Qatta fa 235 Ch l ita. VenDes hah. 1 Ja 4/gh mennl, n Patening " Заями тян ar af day fami foré skipar fai a Papers Lešzumn SAndetypre Comin/ter • Q Jorkun. eminr magran. Mes afation And 'rotansoy Cse Atat fan
A0017300_00177.jpg	 Bota tae pn pisa 2o 724 Man 1840.
A0017300_00178.jpg	 díapit y sküttenn f-paphesdee tôyiă daken fhg du i ayil 1940. in tei Man afik hono wigur pporaandl Par Dablenn .erahn. Abs -T lan cai Blab fola око пору minnes Відри afepa lngma müğner Cundtra di Jat rangray
A0017300_00179.jpg	 Patien Silil i Tigi 19 dr a de a/kepimede Kinn dess tame deha g palos ig. G T 2 hn aloe/emg multets eise,n Kna go dy Sat faragy datine affe. se. AnDar Bil fon . Dehln рет три вора, і al pat • per Pehr edo/soni deha And Kritanse Pinge siem Bl -At (KN(IAL 19 Bto-Aig
A0017300_00180.jpg	 Patind falas: Bengue" Sakenph= ja don Y rua diges atunet stanle hac 9. cafei ki c hing
A0017300_00181.jpg	 neie fra- • Antecall fala S. B ep fänton → franfide d Mey oe edist nal Sino M,beng hit tatke „ Ls huifris hrs Suai Benhamnong, Ant. ladchm Bn, tang du oygtón varan hening
A0017300_00182.jpg	 ha das 28 Pagi 194 Ao Patn...a .......
A0017300_00183.jpg	 Wing ef Polwalet filed, - tho fan pi fi hig datenftegu de. U uitfpon 9.0 delim Bi rgemaimsas sunguen. Mi Eni 2dhms-801 kefiiar L Afe d. Utof Bute thoma $1940. ..: Sh sdy par p, Eoei-
A0017300_00184.jpg	 Phan dali aut.. Sale (Amne.. Jo l/apd 1l 14 1t k Lspp 6k tht dipe ame schiige" .e cied 2 v An SHOR .n etnthnn.. fininnd alpe, drpskprs, ft Bune- Răko ?Sfapa de Papo ws Enumi hur? Vataye ta i tip 1a r di6 Pa...... 19/06m7 g3 1o4 Jill hepai bn, ft Ho, ti C h hg 1/p a adnemmneno nežpunr Lu antin, sinliğs
A0017300_00185.jpg	 Bagai daten Paga di Yartanemannens wiguir Antens Medsyay coc oepx Mriklen gubenrgt. Lan Mupri aynfi hytBiIk
A0017300_00186.jpg	 Protooll hallti allmăn Lacken Co-reaz dugit Patinerg a
A0017300_00187.jpg	 ir Cite fy Skemen зааклу Норір anusy. Hulpidalan abr am Mairk lici Gulmanh
A0017300_00188.jpg	 Jack uffamo flet den gae Augusti /5t0. Abram Marklund Nito Klafa " INL
A0017300_00189.jpg	 11 pmed Byga Meina Gua do29 dal 190 nycke Radan Andeno
A0017300_00190.jpg	 manh. a fupp Caden t. ch. i ert Bokifo fala. Едя. .. P2ann 70 rant deltr ant faret femme mel. tpa pas KikaA 78 abusm lepr/nti gilan afa goble ad orgis
A0017300_00191.jpg	 Ponti chi ki at papr Cri Orf, Sheum, Machnos „ anemya
A0017300_00192.jpg	 Mange Potocnt heterme lônghă •"dale Mago de. Ma Olher /S4/8. Repiti „Ta.. othrha.. ame Kosi fin o-Merade Kett de fa vet engage Mat a Парінт. в пвнтн.. EcOt Sulin Viggta S CEBihe 1840 in püem Bakend
A0017300_00193.jpg	 Jocki Hamua Pitecall halh • ghi la figa de 150) nnet blifuil hyst nai, i drikud ăr achi dag fom afu». Hidodter marti Hegütrh uit Sti tg , Sofale ga Anitlafn Onder hrublan dak Pradene,
A0017300_00194.jpg	 Joet. it Gander t Girink morarand de
A0017300_00195.jpg	 dales, phagi 7 Luggen 1 nder dotters Bangk Sata Paa. el fom E Spin Tanden lejon Ajabahe dilet md engne Roteradet intag. Pô yghã den 27 Veranda 1840. y vla diges dag Xh NâHAn faders puttin Pin Dhpu-Ben
A0017300_00196.jpg	 Tatoan n. Pedredefu 110 i Sakenfhagi den 1760 1L 1810 vni a pitih lig 2 mendl: et 4 Guarsi prenadeo Poni damlige da7 la 18 Sabetia . ruda fos Anden Pltfhom. Pathanai
A0017300_00197.jpg	 Sorken Mammo Potoc Billd md • St. Ima büle Patene
A0017300_00198.jpg	 emelie protete e/ gd og 20 5a-1840
A0017300_00199.jpg	 Boterok bis ws shee. wat, darpb 3 cu 2: Повтоні 18 50. e . 1 ba thi, 2 ha pitn lan bón a'h filom lagte vasa. Wann Mis lore t Radar O6fkx Cad Raen Photon ton sg ment ti zeahatın an ato dea f oaket thifle, kun ts pensee dem Aar i ourletele den Il Tetrani Fo spo a Rusforhorlh weyma *
A0017300_00200.jpg	 et minhone van like genklije. konte store eus
A0017300_00201.jpg	 fe- ipa gns fiba loss etnhh ing of pi fie. ma Nu anfims fan. Per Gepa no Neta Spumayaa enip nicka.
A0017300_00202.jpg	 ate Jamm- Artal kelis. ha tiante Ral At tulep fi if dakaf d opnpe den „eagpel-tiga Bope lasa pere al papa Blrlelai i fatmans angar dndr Srubbfrn Lar, Andenton : Sahthara
A0017300_00203.jpg	 Satté. Pubes balisi i Jasten froge dese o A.9.. /2:- N. to s2.: dri torndeng as Saaiy, Borritene smerende or als To Aiko patos al Ger@epetee Asemen Boorke, A.J. lukt L94 Brnk Ko idy Sagomene Soperto Sal 2B • Risha y4p-fiss ib wen
A0017300_00204.jpg	 Drie mo fig, d0. he sdhche: ton guings as Praiy Herr Crpi (... Видово 8 10.-* f2kt ndaor Kio: Rita - Depa. mabhnh, ykp-fi abwen
A0017300_00205.jpg	 1547 Anso o Ribosapata 2. de Honr Jandet Epana vite
A0017300_00206.jpg	 Čt Lirmnh Unimp litt de Ris fey Hia ne sa, AtApm-m. dechla pena cilten L.. Chaco Sor cac soi Thon Cria ven •9.27406. / Bick Imuno bals Calpa Deáthnta
A0017300_00207.jpg	 Khe diathebcalhat/i plak Anfag k 2/04 mt A debrAnin /fA flate a ih i.L-fe linge no regnar atleten Phelakn Andr brudste
A0017300_00208.jpg	
A0017300_00209.jpg	 Wan il totalled alid od Sandens. ,teake , do Anflugan den 21 Mese 1841. (8 aNt."Adtchitinenne mom denna Sotten ne nar ach falem desar Ombud dellaga uti sule Con betand shi d kepsen akti ml heicked wad, enf Hing!. Mayh Auga den 25% , denna mănad, — deliu blf. Handanannen Ondare Bodenfon ; Anafet Nylonte nent phili t maed, od fai yit fi mage. fusters Anden S Algren
A0017300_00210.jpg	 La/Blu hed i losar aka. haya 2 lah sl 2-za Ar Hmm hin Piri vit/a..bt ểa ph ik enge notluşt •4....... La anda fosi •Hero fary Anbbe Sahna
A0017300_00211.jpg	 ense fr leta fier. Byti che 5 k k 2 ip 2 " Dagoniel m.itai
A0017300_00212.jpg	 wahe vi ell elt simleytheliune sigh r9 gils eura Ahi a.t hAen t saknen rip. Ja ae «fef om Chaux kalyeo lpgd sage / gaus Depanmg se Куме, on. anende i" anpk hepa noegifa. let: em hia husgu ire ach saheo 2,0t, hallei Ma-dengü Anders rubtfim Kaval Lakkan. San
A0017300_00213.jpg	 Shan hau i n 22 4/54 02.505 Lể t Lu stry veratt Bik,i fa heme de temeă dadik ns a filigen weaer di/inq den,
A0017300_00214.jpg	 0 Pic dot fin-l apt da in Bapa ilike-fage thapn I,Cillin a'Fipmtinguu angnen t lnBonan Ada Papani setn -i f....
A0017300_00215.jpg	 Ponsei Enen hop den „ se mni Ml. 1 0 dss dak.. : Pônhk /he fh 9 2 deh 12 Bx vis de.. Stafa fide En 9 6 8: b.s.a.. Ba., t.... Tufil ot. e.9»
A0017300_00216.jpg	 • segar Hane Zem far jumkiorla
A0017300_00217.jpg	 i Niepe Planl faos i Py: kicken/haga/ Pagi nAL . phed coolnem Togga Inte tag thy eoli. s' daa Andens Grubli Gaj aklyr
A0017300_00218.jpg	 Аване f Виме віт. Ли .A.k.../ 1.t. Gege . 8-.p/, Man teut р.piя - -.tifr hudTu Qu !dLpé Ax can smpin du Qx, 2 2 Ch: Qt. - app áL3 ng p's matig p piur, chip. a k....... tupo tg hame fop fs 22 pin. su pit 7. Jare fi azi
A0017300_00219.jpg	 p mepe Ce "sfhhn .32 (hin) f-p, fet k75 2p Врив И, Дрі У. prnkumdri • Упрел. - e hot sponsf-n
A0017300_00220.jpg	 cm Tp-. ft .e ", fo ht ma, caa 0 2 154/22222 r.il.. 0. гім a -pisen Gp. Tha he so all tlg tal, ia přa esprpbel Lá -pun:M L't piy pu prip 0.4г.... D,hpe, e 9. Ru. Ope pet, ue(1 1бл0,в -s g pg. -" (-pee ht -g m tig tth c. pag, ah 124242) ae pia Lenh pi a lihn Phut). L e fột m pif pete, bitte fil ghen ,pppo p
A0017300_00221.jpg	 fise apisamà Qí-genft In filemo coLina
A0017300_00222.jpg	 Pallin typei an
A0017300_00223.jpg	 wehrden darf Mann menge In Zerofane Han Stelen
A0017300_00224.jpg	
A0017300_00225.jpg	 pti sehl kals fage br all. Seann hen/het. Mayerin.
A0017300_00226.jpg	 Ti Daskan Enbulet wağner Septitem ots Uppläst ach güste nalt by pü likaly üğa Onu Bygden rur mer nlo H2 SA luL Pl
A0017300_00227.jpg	 a dif kiga nigum Arden fullton idalthard d laham me nazan tau Bygeon, Out Saim fon i Knokjün
A0017300_00228.jpg	 t 2 từh ủg thi ch đh thn hh, hình Brytigh thon vipealrin aro lo nea fo eatg 14... n tert Malle in anende tberidk att bekle Al Rate legerocn dera 6.dr1 heilhe jo
A0017300_00229.jpg	 Che Shop.. ihath so bere Petite ent etat nemeligen Mai hiller — 1 balke Serai Leade trimetero hiller-spiller 82 -19 20
A0017300_00230.jpg	 ham 16. halle toat neu g ) Han Lister qubl line dallesnfalera/ và l Su Beck a tal nh , no Malio act 1 Sehen 1
A0017300_00231.jpg	 (jalk er orfepni tee lelan Ty tu Lr gn pin ha to man hin. ăž och dag fom ofer SC4S lă, Auki Nax i Sablansa Aude PAne fori Focau
A0017300_00232.jpg	
A0017300_00233.jpg	 Sandl salts longe ail-gh 4 31. 0l 194X RA badiz. Rekoln arian denn mul soth. Lohan при che ifr 148.лв. mali - Can see affunde pă Reparatione df dem nbat" Bygdes -
A0017300_00234.jpg	 Satell hitll2 pos anh dl. It Belt atl alles ny (luge den 11% setij Bs fife st. afu anmithe nu ate traduti Flocken Age dC/at fleslle d orof daton sez chunhh - 224 B'ugade cantan hre nt pea 2ksilim) @"Jockenem ămend si.n detta z-fala
A0017300_00235.jpg	 istret, kalk 1 Bygden bh ferganden use tonen eт.182, le stoen vid 3-01 Sellin ov Dages Ma refelif a/oPalgrem, 7.. fe. bita,
A0017300_00236.jpg	 Inam Aliuls ga te 2 cuhn 2h-1h hệT hưng 4 g hc fer annote Upplă talijuatera entga po topaneleiogoe. taien Bome Pih Lahlgri. anders andes sm i krkfin • Bäd. Dlg Daltpres/ Sonddtnh ach Japfon ofran Bi Plodti, Pipet Ll iteae y pi ep li gu. No alian Bif alalignas rinkelada :
A0017300_00237.jpg	 Ank-fi Pobedgiet" Paypa "Sakenflag 9 12 -deum h. dg.. de hono 7 л. A Satenm ams ségar Ne cifor
A0017300_00238.jpg	 Tabe .o Postrall A.le falna ao nht Agd klerk Доданої 180º siata.1....... : magde P.cado,fmenann. 6 tg trone haifa Hode 1560 i424* = 00012 Sar Tareky Sleiba Cen Be nohp the 10 Chef Binop i Roose de py. порамся. Mysden Fatentp at dan E0h6i áLh.... •n Mag mavi st'adeny=" Entek ipo ant Ae Craa Be phusen Kca fri. Tertiăn tAit Ariskanet on ler „ke elt fen ame denifa -ridgeon -Paff menis By. pe elde Saln. a/aeth fentieal fiende Banem medkla Pogadei darten le l/apa E 04feca adeb2. vepor Anders Grabbfhro Nas th Te krie
A0017300_00239.jpg	 Gamal sallat mo logg aage nit Belme. Bad sc.m. i Sake/hage d6 seba 1872 e pher afas. hal Sulan las afe gm lathetenf Pegas'!
A0017300_00240.jpg	 sa Bips • men gramses aino z ARBIN wing def ikea medlys bekyrgå küskw ps tokmy, mar ike nib ansee, cms i Hanh -n tàn t 1 Th ká càn gih. Nick m ad , sihh ane. danfo vmral rengfo m găi ofe lotu hi ti bugen utilin, l set dig Raks, Kane, Lor ch dega boggu. 2 3 Likg finhe aiki, sd an madl.- Sam meno mačle dong gée, bufig an fps, galge y kak aujă, s linger •те і at kt nhle m th anbe 2 він: de jor ae fir sei Chat. antikens ben ifk io f axe i mure nyala batey fs y
A0017300_00241.jpg	 ch gn tn gn a kh nh fng eu nlhu, ao el em lehnber h h fh a ae afodio no visin Y mie. A48 aling gao. de Mas tã aid brahe s banande anfrendt su2 logg dee daten flaga i. afrn 9.07 delhi Y Jakamanenn magner Tal egale zrn Fau Bradon Osy Dahlro
A0017300_00242.jpg	 Banka Potat Cauli Repti Sadne= Her Capitemen
A0017300_00243.jpg	 tist dom nitti lat ag ott let sentie. in fegat adell fig vii manhe/anpas 13 gp sa Sadeen Page fern dron - d fackmann vajer q gong nih nân i. Trattm yos a le 1 gof2 Petu o ke.a Satan e. bat winstetanha elarbleg Bi tang augện
A0017300_00244.jpg	 -clijt Ling -X Bobrdt Geniti Gumiles! Cu damen dalla ton me! pog hi damgg (Inkenage» daBroi /2 3 yift, att anon fo gargi. Bagda danken hitlis, eSo And hitTa Balthade: Дл.. vache y toft manfal ansyn sItüshit aa1 Ekp; ayaikträk edhile22 : tung bonte ridds 2i2ar Cres. AE on Shafane fon tk koln ipan bathom ife aly a ett otren ні дані .. ні Yai nyal Andan üu amand belage inpetan
A0017300_00245.jpg	 achmantahoer ; chit ..) M Lang -tBdmutlt tun mul Pugdre datim :Indenfagee da konon L8 Le Lat fanlak forbeie fakr en whtihe 5736 borke rid R de PhetKenke .an dabnen of vise Ciee beps, Kote n.. 2t n5- /2 Bront se, mhal.l P bad aunt pren. Lliz demonet altonger Amătie ve у er bil of ine cho kt vn mn phn t kh bà ta p fi h Hank nypl bga drht dm ndl Bypdd Sakefan fom afeen Sorbetin А/-4 (29ahiвay. MolArkigrea Yai dijaal Prtantfnank Hypor löngnintty
A0017300_00246.jpg	 Proterole balll a Kinme ip mu pt •A.A AAKT eprid
A0017300_00247.jpg	 " Jahre.. Рудні Укру. Ар 0rbmи 1.2. Не рім - nier. fallu ich F225 andy.
A0017300_00248.jpg	 1.ДД. For to de tren Viu fora
A0017300_00249.jpg	 Vom in kane Gardenen Mit Porent Nu @ orb ein pistermano vigner * Meta sie a, borg agronge, : ditalact fehltens '.
A0017300_00250.jpg	 De ? 22.250 Aor -Mo ia eta all ptluă De, kh. MLt 22 Stiila Persfonene mach t: X2 x t 12/0 Thung n t і В,л" хв; xinp hi nh on k h . 2,4,8,r.r * m.xffidet Há s c mhp.. Tc 6435 n et 23212% Й annan dicke dix 9. 2 Man 1842 An. Bugten Pöggai Sakenthp nt/pn BiCelein oe/ Dehegron
A0017300_00251.jpg	 Patel huit nis aum. Pati 18V2 Ase /hem2a. kNedy, ches de si den nudiste Ba. me Hii. d... Parmerfar gemens enigo AALt~ des agenth teiltt. 2.... as fhit fo.
A0017300_00252.jpg	 18. 347 lakneneene s • Sa flakke sn uld Wan verda Capitanen i ega ADu. 10 y,e3 Catemßege nd jap EØSmin. Os doenmamo nigan Adl anfadifang ne Mosnäe chi 2. Ordli Pozzdn akefegant fara Mill tofudh yur a Sutremamens vegner Rie Piston • Ribe Nol. Y1 Tufte
A0017300_00253.jpg	 - Bangende. a de manão sagrar
A0017300_00254.jpg	 Banho dat " Sacrama no ver Ex e fato fore A Voi tou
A0017300_00255.jpg	 Tu Olt Pekl: Obygr»"! Brau Fiela- .1874. aut bygdan
A0017300_00256.jpg	 Litremam • salde demão de algonia
A0017300_00257.jpg	 Nht Kissi aam bolung elg t bonite do noh. (Fkl. flase g -tang inke 59. • 24a h d Ueny tom la hing: P... Cato goi Lan aln er dantiuaderi Bie Goldberg ihre. pc oor - Anders Grebb fom ABstempy
A0017300_00258.jpg	 en tres Horkei Ringe du 55 kai Ail D he die ton kame danimennend Sangen Lau Magden Ein Dagung La au te ăStre anğan Ander Crebt from.
A0017300_00259.jpg	 daten Planle Lorenend В , нвід) artent Ander Pakte
A0017300_00260.jpg	 Вирілія, яни suiă datea /A ăbaten cig..r Man dl. Publfiens
A0017300_00261.jpg	 Pig h ont fin А бал w wynw/ibizagondy Половра. ''oide•
A0017300_00262.jpg	 el8 Erénm, Sopen Falantn ttrr p" gakrommune ugn Oluf Amers for i tirske tjen. Onder Cruktrémo THay cơng
A0017300_00263.jpg	 slam ki l0 1,2, 1 к 3 423011 -n afla
A0017300_00264.jpg	 tu des Doman Si en Manquetie étantesta Winland
A0017300_00265.jpg	 Plad halit 9 B
A0017300_00266.jpg	 da hae'g fee Tshil fele fiff fer Comog ha map le en fo attde. dah h oh pun Syltk r marh Upplätachzudera intigo gră Erfa lingens vagned Ander krubb tron Kria anglerg andes andars fom i kirkiğis Shermay Erik jom f (Cent
A0017300_00267.jpg	 Poborakl, 4.A, s'dk.p 1942 09 14 281. dt de fum panko fuen algar, d... в... 20g6-gden *fandago fran del0 An Poope y pisl Kutne et ma fite. Oppe: Jase-plaga al for fulekik Kaus Yere tow dakta
A0017300_00268.jpg	 in garode later.
A0017300_00269.jpg	 в.12h.. enrartinur Ai ace Dia, pom afuan Ai Seter Bcbekt vağna Shikrmak Uyetašt thapude mite tyga pu E fanti nguno nagari Ime vite mon, andos andes for i hirki Tin vt ần * W5
A0017300_00270.jpg	 ad fls Rhins bier Sate Angu l20h 104 n it nn gin cn n hih stad fen shimpon daktht/anm 9095e a"Fstemmén sene segner faBel krino kantagdon,
A0017300_00271.jpg	 Uigektadi justeralt iclyga ge to famakenger Nan 'tadens Exe Sat for Phomar cidk fon
A0017300_00272.jpg	 Enlid dela a nba /itan acne trala Calde lufe Anode zatro och darken e on klak tr B9S BiNY oce Gaga torer Setter atag füg Ga teipreren B.. kikitrom ă fücketă atapuen får Mar klike 24r.Вs Kypeã des 204e Na vember 18422 - Heldermark à Sotine nă n nens végnar А Даляво Nìh pơh toy phảm nâi
A0017300_00273.jpg	 1/ 342. Eire erfand Eura i Famnas áx i den yttenfle fallgdam aus ten dran stgór, rem 9930u 35/2.p- help at han adag Enkan: _ huaram Kalt Kefan merande des sãa) an Lagart, det ins y haft /hinh 1842
A0017300_00274.jpg	 W lagl, hillt al Byg c X.fambato allmay L.D. Claso ri lofig enduiny fha hallde nen pare and th lih șoradé, att ha le i Agrata theti aitt lema lith rago" del Pha vu hani thista. ar och hug, possx afrir si Siktar Lundebeto nağ alkimark Alchuenămen (netikin et Plie elo rer iridia rứs poh Tapani nài
A0017300_00275.jpg	 Si Reston Enbett en, Iptoderma
A0017300_00276.jpg	 *ta Peppen Atrihami lavinteo, fis 1465, - Jalapen
A0017300_00277.jpg	
A0017300_00278.jpg	 Befallningenl Alame fike sfiut-glaf litte t 0nr.4
A0017300_00279.jpg	 Tudela (Saghe. трат •x-de Maka Cap ng Hilm aha. sen cafes da. „he-lajit. vat Allu cDi runl Jenna euler tella fasa
A0017300_00280.jpg	 Cesa fe na delar siAlis tapfn Byphi sedenftage d.15 ğamoi/842 A date.ng sagen Haf treis fon : Ksckfjor Anion Pites fon i léinnan layr A petes Calsfor s legirá 1 " Pactan2 mbetelo véğner Hidodermarh Ady dea Upplätoc pute raltüntig ă 2 Jackren Leo Bygdeir Eme Matipn Inden Dablbey Chden Sudlfrin •. Ta 27 miongu hasg/ringe nt
A0017300_00281.jpg	 Palose hili mad Pagen Bot.. /gan ... lont akkr- Ie nüper a Sadoe ziftin/end klopg bifi/den Tns ratete Basspe — H. Sly Erria Amady Ea deni nexn/n - 122 13m.7 - 18. 3. Manhat dain Brfynu - 22 Vigoda sa kem/ragu d. 15 imai: 1913 En0r belair a alte chlo nge A dalma iom dingan Hafidermarts ALdern cãnne m varas. Gals 4, Ним 41 ABadineja Aladin endstras fat ehin gangne .
A0017300_00282.jpg	 Protocollhallt.. 1 ge fane vente
A0017300_00283.jpg	 logpuaIakm/lgo d.5 Ci.. 843. A craii- Ander flatim Oref Aridenfon Tth.. 'Sarky
A0017300_00284.jpg	
A0017300_00285.jpg	 Witter Body tale Baren Le f2 02.144.90
A0017300_00286.jpg	 kk-annage ,l. ats dante liH: 1 7 Tih gi gn sa 2 ai hi dag on ofer en bello nagur Hlddtermart ' Al: thet à lackene, é unenragund: zaky gaop Thandering
A0017300_00287.jpg	 Ante/ne Rca dade mel featc9 • Popte dake./he d.1t 109% Pigge Afor 9-45 di. Vaket minio Alle tinTun?:1,2/m Ln: Taksan É Vakmena Oft Anders fem s Nih páh nog mon alignen- ARA
A0017300_00288.jpg	 Staline Raubene hild • Page daten hage 1. stant the det falades algr En: lakar Olf toedens for s Finstfjor - of hog Pehr Bahlguen - sach.
A0017300_00289.jpg	 • ninte Rfut halme dee deterg • pagen Cre guc Te tatt /c ha 56 Права 12.00 2222263
A0017300_00290.jpg	 nl. hefeuo Pinga hake ospe R dok..ms Gametoni Tau Klkd sn Tret omny pallli se
A0017300_00291.jpg	 1A4ex31 forma
A0017300_00292.jpg	 Bypai ske fy fam ofu Cn belem a Sorteremannens meges amel fane fra: Custl pie ryc và mufin Cuden „itry, hepat firno. lögy Anders Grulitrns Anha Pla fn: Abale a Iu hyne -*L T Ahuitzonfow, Sellbale
A0017300_00293.jpg	 agee di 1813
A0017300_00294.jpg	 (rell vager Lelodere. a gede.a. Als jot 20honu va pej )I Tax/ Wa
A0017300_00295.jpg	 malallhalltuBug • fa-lade aul. L s9t huga di 18H3e p9 chh ktk. "dataha. sh tel ally
A0017300_00296.jpg	 Paanane: - ă letn Enbetet éga Splider manh Of.a-Jaene intell ai dena day für slete mias a Sedan Entale nág ned. Aplikn merte Äle-nănnen vágnar AndeBanan Sibalny: E NaF. fie
A0017300_00297.jpg	 18612 пяті по бри зу 736. 380. 233g 16.22.
A0017300_00298.jpg	 Obtermarh ă Seknemennene věgna Anters Erubt trem i Sadlkame
A0017300_00299.jpg	 att i enhy ...ikmalt Semme! . 4975 гр. chia ten it fa he
A0017300_00300.jpg	 Malthus Dethr D ditt Kig on fen poli ne ptani, Coğgu lattne. Lau Bygdon baus lumin musket tendunden ah küsku nětlit;
A0017300_00301.jpg	 T fint / Bugển
A0017300_00302.jpg	 iot hall/wo duc - но бот „. ts feptan etapa for zel nfipugi comă lrul lig „Shank Statos .gio 1253 od Li 92:212 h.46
A0017300_00303.jpg	 Pau 9n.9 +. fotangrent delh t. ifattde al gằng ban pift. Jackmanda de. tr gany Jakensy pore Canto mulle. frilane - De lig 6 Moro Hih. Bonit tryn. 4.+ 22. Omanon Crj Crafopa dafammo- 72 $8. den elgits h delst pot fortar do. d 7 Seniljado hanen at into d hing ytan dillin fortay. 20252 dater Hanl Cajsa Gade, ci te 22. Pinder Sule 18. 266ome Miern
A0017300_00304.jpg	 Mate Pesr Thamepme bam" degdin - B Anden Prande tom- nủ 17- 72 r Senal Mordey i Toran - % mi fiçii 7. Ps Otenini (äbulla) for/ama ban. iadlar Enta i 70oda Cans essand %. 2. 3г. Adre nen k. oyal/aitinkén *in Abmarak car sab im• Rut. Takum Pac. joham on •= kanliyin Cante quimei ej-fönfdinfe teDe düllağumz
A0017300_00305.jpg	 kn tfyni fô knd. Bypi dam agu tor 2026uli @ Sake.'enmno ningear Semigint Ni tih Tr parin J. Bipang duhnitanmay • a Teu»,
A0017300_00306.jpg	 'monm BeToel hint Blut 84 dat-Moge
A0017300_00307.jpg	 ani, bena i Zk deta do dylü dai 12ise gan de Ankthemeă žagpianle Byti dato/np Xpre à Jakue.... AMritanamy Pehr Paslares Haknan і BiK 0l1 Anton Back f flin narhipn
A0017300_00308.jpg	 Bitsn igl-SKatep te 1843. eischaafag AA acta. mand ts 66tg Gande 294 ryan froken ill en dsi oyu.y fuch a n9 .114 6-mpsnd Temul. „ten pa"And 1.8.t05 136p/ pla dor. eld2 Asil 12K.
A0017300_00309.jpg	 hok batal mad logge 1843 3 6. i9 mid come Bllat2 Pypki Jalemfan d5 Bianda 1843. 1=Clai 1,. a "Satani no ungnar gnith 2722 N De finlagu ott fane Lan Puzden faeto sarkkn seder of thres foter Pulk gres daba, закрієяя Thalle Hum mano Auteis e te n soe mone aet hef inte a"Sakmemmme tego Hertha Cup Animi fo i Kinkien AlBat /y.
A0017300_00310.jpg	 Potoco Us hillt .a Nay. Lew 17. 11--50 Kiah. alaget
A0017300_00311.jpg	 Uppetá tack jeate redf ilya. B' klan Endelt nago à Lh năg o Hạv→
A0017300_00312.jpg	 Hone. -/. 16. 8 1, 6.. півл Lie no hilt 12. м 32 Be ete mjörkfe sl. Vraiferl 3.1.4. 3.м.
A0017300_00313.jpg	 Агентр. З. В. 1. 3.16. Q Kta meP lont_ - Kaff kehare „buremel: 1 T 79 e Phi. n E8bl. K14 .3: 24.4. Дина вї ПР. Б. п0.1. 9 B'slrus. anc t.C.thoin 3%... enphakuingo onh en Penangt
A0017300_00314.jpg	 Byp: Ki fot Nunaso d tik he2 og Bhi 20 ei ng 5. 34. обр 1 1 зіро ро ви
A0017300_00315.jpg	 Fome «lăta Raters vache fon paljet: norum Astelin del Asman Bef Croton mpe i Rahn Dietersteda ne Pinalem Pli-Arbagi Aielenlod .Ior Gallmarto DE Bandes Olbrham Martlena i Gatea Fer Tobakens te Ponden Paol Varli Anbacken nilsmate se Namndem. 96 repen i Faktaren For Memmerbyl aDs 73.9 em Bea ClaDe Dalkadi
A0017300_00316.jpg	 /j. For edebn Roket Monden tan Crafo Orddyne et halft ăn fars of tu arbik hinka, befans i omus P Fot Roadr De enfill İre (5) Rikes daler Pane Bryde Baken lags, ot Papon BELE Ci Socknmanmens mins Carld Siktan M.-.Damen i nath.?n i Eifertilin Maningn, Slutelgen Le Bonden Pehr Porland: Komn
A0017300_00317.jpg	 HIlman Bungôrelfe Gtbatt bet mibloinga arbetet meb utreningen af Erebitib Bonbrad ferbringar bo5 innerdnarne i berta Căn för unbfättningarne efter foijanbe atens mifimarter, nn anbreligen bunnit fullborbas, 18r0 o0g bar jag, i af fnbe på belámmanbet of be eftergifter eller affrifningor å untfártingé- ragarncs fenipecopp, fom genom Songl. Maité Rotiga 25cef ben 13 Der cember 183842f) a Penften af Stongl. BRatt& Rabiça Eirculaire• Bref 19 Sansati 184=, Blifmit ( măber mrbgifnc, t ôfuerenoftámmelie meb De Deri fradgabe grumber, bárigenom melat fororna, bet fola tiljanbe merffálligbetbatgrbrt, med mojligaite förla fronbjambet, indotogas stfèras, nemisiem: a) Setráganbe ben genom Rongl. Waite atiga Bref ben 13 De cember 1834, i Râber beriljabe offrifning till en trebibel af bet primitivn fulobelopp, fom upplommit efter 1830, 1831, 183= ed) 1833 dren6 mifmärter, dler genom be umbättmingar af Ere- bitb-Sonben, fom yaber Moppet af áren 1837, 1833, 1833 05 1834 egt rum. 1:0 Gom affrifitng, på fätt berörbt åt, blifwit i Mâber Sereiljab till en trebibel af bet primitiva Rulbbeiopp, tom uppfonimit efter 1830, 1831) 1832 000:1833 areno mismarter, ocnom be mnbfättningar ef Erebitis- Bonben, Fom umber loopet af âres 193+, :937: 1833 00) 1834 (gt rum, meb abigt förfineanbe, att benna affrifning Rulle Malunbo for» belad, att, {ebar mif anbel briaf blifiot biarje Eingbiag mebgifteen f förhällanbe til broab Zindlaget i unbfättning amnjutit, famma of- frifning borte af mißa inom Singélaget uticota Committerabe, lám- pad forit till alla be umbfättningeragart, bwilfa unber tiben Slifmit allbeicó ofórmane, att fina fluiber gebrgóro, od berefter tillfomma éfe rige utfåttningötagare inem Zingdloget, i förbällanbe till beras förre eller minbre fórmiga, att (fulberna återbetala; lå bóta, genaji efter bet enna Sungörelfe blifmit fçän prebifoftefolome uppláif, lebométer cil fbanbe af en Comitter fo. ofman berörbe anbamal, i broarse forfam» sing inom Zingslaget, uffed; i bmiftet affeenbe berrar baßencr bárige» nom anmobas att, famma bag fom benna Sungdrei(e uppldjes fran Prebitofolen, atíyfa od billa Godenfámma, till förrättande of moal till Sebamöter i omförmälbt Camittie. s:o Ceban unEnămnbe moal förfigpätt, offemnar paffor i förjamlingen, do fer ben, fom bans fälle företräber, ¡odenftámmo- elier mal-prototellet till Stronofogben eller bens Stronoldnöman, fem erbällit bens forses uppo Вудосий Кирка.
A0017300_00318.jpg	 ofa banklingar Slifmit tia Prag aft bea dier fáne fom protetellet atan hrê mái till {ita dragante atr i (E eme! Lätlet fee Ecs motifa ерет art unbC iom törtef ec) 1834 fcolar od) miagem, Dentig mafidematbe ranb rajc rimini
A0017300_00319.jpg	 anbra förelie tid dimintante af offlrifning & beras undfåttninge@atber Mbe, anfând besiljos meb ben tin betalning förfatne fiertebelen fil bet befinna fig i mertlig od allmánt fanb fattigbem, famt att **påfölianbe året. ttli fette punften: "9ctt intimbef bet för fodner od bitrift-manai. allmogen, mit berörte underjoEning. följetteligen ide umber flöjtt nigra •nens bilbante sürdtnobe qbantum Reen af ortene mart blifeit inlefbere: billiga anfrät på eftergift eller affertning, ter ben ide efter bögfa rått bór eoa rum: eo jaq tror mig terfére ental bebofma páfata allmogens Prabt, undidttnimastagarne fule fullgóra fina, afbetainingar i fâban "utfübe fullt tjenlig fåb, men berefter i famma fábrefian, fom bei lån erbanit. goba milja bo isradaa att fatta od urfilja bet rátta, for att wuara for. sifab terem alt någor libanbe fér Efoten i bef tignánbige rátt, ife ber titi funte punften: "Siit fortelen af aterbetolnina meb fpanmil in *natura ei fulle tintomuna inmánarne i de fotnot,- fom redgrabe att inrót. ebes senom enfibiga pdf egenoptiga offstefo befrämjande. *ia magalin, nian dfüge tent, att berae @terfidembe fulb meb penningar Sör Ofrist fiffg Banetf innesoănare: uppmar/amper bl apten ep neunere i får feg i-fommanbond ail inritta Tocne eüer efter te d len fingifma foanmalen für brarje ar beßámba prió: od "gosefi atene prunen ett enabanba efslib fulle ega rum for te Bilene Beer eit. l infe tias ef lenin dr n ie mm "gibendrer, fom ei i behörig erbning fullgjorte te bem deligen dligganbe ;: fulterne, mafe gildae meb renningor, ån tid mdrn *(pann målstefuereringar." emot brit på utfal. Boên intrâffante miếntiắr, oo tet, fá mọc» Då båraf látteligen infed, broilfa betpbliga förbelar, fom tinfunbas . fet beibre, fom uti Kongt. mesite boa@tererte Sidtiga Bref of ben 13 Der untiättningetagarne terigenem, att foder eler biflrift-magafiner marba cembet: 1834 ben ónian finnes utitoii, i betta Sầm. Welf- intâttabe. bar lag Edrigom melat uppmana be forfamlingar, bwilfa ide moe berbe-mekaerta till anfalter. tetri en reiter unee trega mr retan förenat fia om bolifa inrätiningars bilbaube, att berem mib oftan- nộbmanbigbetm att gib rambeled introffente, ni§marter, RinganDagd met berörde unterfétaina i fodenfâmma befluta aå i förfatining, på bet birefta untfättringat; toal e6 -uti famma 90 ciga Bref. i fammanbang dimen făcane förfamlngar, fom annu ide funnat terom ig- forema, mnd meb fråcan om affrifming af en trebjebel utaf primitiba fulbbeloppet, ber Cunna femma i atmiutante of ben förmen, att, f6 fnart boarje unbfấtt- ningstagares caffortabe unbfittmingsflul, efter bet ofmanberorbe aftotining Den för derßdenbe untidttningeitulbené gobtgörante, felanse Rabganden Pett od unteriöning blifmit bäsen, marber utredb od beflámb fa t od förefttifter mebbelapt) nemligen: ning berd till fodne. eler bifritt-magafinet genaft inlefecrera fpanmil, od Wil trebje puntten: meltt aterfenbe fulten md formanbla6 till fpan• fålebee unbgå att afbórba untfättningeßuiben med penningar. *mãl efler be berå for fanet fafdabe prie, mes sinâtetle foc unb(itininge. Belerbottend Sante.Center i timta, Den 26 Btob. 1844 *tagoren, att meb fanmål, tunna for tunna, återgáleo, bet fdlenta upp. mommanbe beloppet, meb en fierbetel ärligen i fora-dr, pả fắnt bắt ne. GUST. MONTGOMERY. *pan emformálts. tti ferbe punten: *Blt of fürt fleente eftereringar 10,000 tunnor Rorn of ortens matteod tid utfibe futt tjenligt, marta ammánte til Bil- *banbe af focne- eller biftifte-mogafinet, bufrubfatligea på te grunter P. Lundmark: "Fom, i öfruerend idmmelfe meb Bifete Elânder6 beilut mib 1823-are rile. *Dag, blifrit gene Rongl, Bojite Stâbiga Bref Den 17 BRard 1894 faf. adobe, ed meb dierbetalgingepibigbet af erbane bibrag meb en tiontt• Peel ärligen in natura, cüer efter gitante martegingagio, inib bwarje dre inbetalning Ulti femte puntlen: *reban bate uppopgsta beralnos från dippborbsfdsman *Tebeuari erdnao 1835, be-alfd forita inbetalningen Berte fudgérae, men matt beremet be fednat, brilfo fafanbe magafinebue od ide móiligen fun. "be tid namnbe dib antoffae. Rufle erbilla firlingning med forita lefverte *ringen tin famma tib år 183 o borbe ciemie bå mibroętdr intelfa
A0017300_00320.jpg	 Rungórelfe anfebning af Dropincial @åtaren Serr Dotter 3 fisbns am (öfning, ed) efter icberbónámbre boranbe, bår jas ecnom Dena bag Sifallit, att bet látamarfiose af Emå fillungar Befolutica af Ulti influnbande Miars månad utaf Gmacje mantalspecifiora perfen i Begbeâ foden, fom Codnemânnen Danto aritarn • fertfättes met @telleited inchen, berfabes, genom nemligen: ben a Sagerráft, Stief Bodnetámmobefut af Den ad filmeine beibiliat bemál. mariori, Bebbireliben, Stueliben, Giromfort. Stuntnde ed) Stientferélie De Batare, må af mederborande Sronofogbe ody Dárabeffrifronte Debiteraé, 3murDottner, Seble, Degerbon, Mietle od) efrâme tob manlig Ipeförbsitâmma apoddrad ody till Canbrrántreiet lefiereras; trait; brn 4 3t lutmor maranbes någer anbring uti meobelt fororbnanbe om apporten fangrifen och 2olc ed) frint; bans rd) 6 Setmémattuet, Bor Rabimart; Den 3, Dincial-Rafaren, Dert Dottor Sand Sáritilera Bitarenrisebe af 2pybrã af gros 8, Diagobóle. Sieru. ggralbdtral? ed freffio; Dent foden berigenom ide giord; brilfer tillfánmagifiers. Buroit ed Jmerit; Ottermit, od. Den ri 2id ed Otteruremif Beferbottend Cante Contor i Ilmea, ben ay Botember 154p ichen: Den 12. @mantele, Buttral, Dominingen, Butile, Dréêren, Stm- GUST MONTGOMERY. віб, Dolmtrift, Dambetráfe od Stettionáff; Den +3, Pernd, MaRutrait cd Strall; Den 14, Sogtjeln, Eterliben, Miilêtráit, Detifmãe, Siraniant, agalle, Saeghóliben, *. Landmark. Sußentrait, Perlfrém om 15, Stndfet, Panamattrait, lamt bent Båsfarotträft, Brantinen, Cranbergerráit, @tafratraft, Ctenó- Diupford ed Storalt. Den 17 mre Degerforfó focen. #liman Bungórelfe traft lectei: Den 18, Lopprottnet ed Burflum; ben 19, @warttiern, 98ob. lippoleben af Den innemarante dr numertabe od tilláfmentoré un bon, Gammelben ed Mienas; ben 20, Sienbergomattnet, Wogbetral od bet tillmerting maraube Caltpeter, fom af Stroman inlófcô met fres rifó. Abon, famt Den 22, jobmatinet od Sinberstattner. baler Brettionă illinger banto liepunbet, fommce oft fôr bela lånet mett fodin: ben 26 Smartieen, Sleb Ebfängers Ballen, @taftentein ed) 2iefiên; ben 27, fallad bir (Imed Rab, å flanbe af ullfetorenabe Hppbortswannen Der botmart, Dagláfen od Dêmart; ben 28, Sasbole, Witterfjön, Midböle, Sof Jägmditaren ody Sibbaren Ceorg Erjernhoff föreflagna bagar, nemligen: 2lurön, Bielben, Bállan, Brotraft ce Mårtendbeban, fami Den 29, 9o- Ilti influnoanor Januari mănao: ret, ABcbomart, Cirbe, Gelet od 2adboba. Den go meb 23ngbeă fofen, od) ben 31 med 2jurholimd foden. lin Deepâfoljande Sebruari mánao: Ulti influnbande 2ípril mânao: Dent 1 ed 3 mcb Horbmalings Goden, enligt Kötlángbend fóran- Den = Cáfroarõ (oden; Den = od) 3 IBánná6 foden, i ben ottning lebambe; ben + Siele ed) frebrifa fodnar; ben s Dorotbea ed) 2ilbel- Boarne 4 Stötlängten förefomina, ed Den 4 nyb limeå foden. mina focinar; ben 6, 7 od) 8 Endiele foden, i erbning etter Détlángben: 1Ippoörben börjaé itarje bag flocan 8 förmithogen; ed böra be, fom åfunba att lefterena Galtpeter, emiltotligen infinna fig i ofman ut mort; ben 14, Binnte Mad, Sallbomart ed Classe fafab oraning, antingen fielfma eller genom ombub, famt mere fériebbe meb manlige fedneftámmo-bemis geliben, Pogrlängeráil od Stierget; ben 13. Stumb, Dunberget, Bullfagetrait, Eylta• om Celtpeterns intemila tillsertning, cmeban Galtpetern, fom ber mara toål tors od fel frán oarter, i annot Strodforß, Bobeben, Mipliben, Corémoran, Miet, Balliert en mele Sterlina, Deren , fall ife marber emottagen. mắit; ben 17,-Buda Solmtrait, Stention ed Ditpit; Den 18, Ditan: @fter forra manligbeten anjuta lefterentérerna, atom be Nåden; ben ig lgBiart; ben 20 od) st Etortäge! Den 2= gräfitäge; mcã, 2Bánnáo od) Eimars feduer, erfättning for Celtpeterns® fordling ben 24 od as Cromart; famt bell 26 od 27 Submart. från forut manliga apportéffällen i fednorne, bit till faben, met Sie runt. banfo milen, für brarie falir lidpunt Golipeter, brilten forielión, argoranbe Berten Rillingar atto rung. banco för ett lof om Ejugu lie. pulib, får, jemte betalningen fer Galspetern, Af lefrecrantérerne clles De
A0017300_00321.jpg	 fom åro innefafrare af lefroeeringeseifen, sfiee leftoering fie agen, прpбáгав (rån Canbt-Branterist báritábed. Com môjeligen en eller ennan ife torbe funna rátt uppfatta inne. Ballet baraf moib benma Sungóeelfes uppidfante frin prebitoftolarne, få fall benjamia genom mocbetbórante Stronobeticin gorna anflãs. förforg i Codineiu. 2Beferbottend Eambô-Contor i Ilmea, Den 26 Bloo. 1844. GUST. MONTGOMERT P. Lundmark. 18T08, hodt bes G. Dag, 1844.
A0017300_00322.jpg	 Cotayal, hilt. hang. ao forfa-elad all.. Kupa de n se gamen aril fens. Suoé a.rde dE' Yngre ua agit ille alaga fün ud molle. a Ledor imbelbegn Gode reant å Sodenem ănne nu magner. Orf Anions jon i Kinckljön Anden Plufa.
A0017300_00323.jpg	 Thy, dan os 15 Epubi t centpy wik er 28. Ht pick Risklé Pr 0rpp. Nin Ap.n/o- --20 Đn T C th - onatt Pehr-Sincafon Bögati antenteno nt fam 20rbim d' Sakisum anlidada orga.
A0017300_00324.jpg	 Samuere 32 Conte le b Transene:
A0017300_00325.jpg	 $ 2. Sádie «лазі uttara
A0017300_00326.jpg	 nlaalllalltDlyndi fosf-clade allas Valhe -.feren de. 19 Marlo (S2. . 2 % Koch Mels den in Lg a SalMa-li larda. At. etalen mettendor is. Ather diannet ar ach Jag for fitn Enkelet miras a Satux ménnes wág Ebe,narti Yano Blaff 1 Paraty- astoring
A0017300_00327.jpg	 Kolocollhallt..aMugden aspenlan all.. rs ha. Pluga. •de. su/ enli 18)) - 50 Hell Bock
A0017300_00328.jpg	 12 • tui ilag i fate fien antak tie manuan er dolle di Snite zos vegner. aUde h Lam Audn eon Ene Pelan Au но.. S... femt- PA. Eudense erh-ütena vare ll fem hatfi cheno ar och lug/er flen embetelo nagnar. #t,aat.. Splidermarh i lothe res enen vae Chrite Lan Andenfr; And Täring. рам, sh.. agdeă den sP Mener 18211.
A0017300_00329.jpg	 Ronden 1. Quilia gattile.
A0017300_00330.jpg	 •..Pntorolt hatet med tig h Roens Santen falema) den 45Py %...
A0017300_00331.jpg	 22 Satin sik Formm cantonig -fil Auktion anmälte Pester ot Splager te.de mas 2623 шт niz ortis/: Cikli Sott Bla ids Love mtop, sămul
A0017300_00332.jpg	 Satl Ritrik at..l 2 agdea Sltmng Sokn Hugen den gé gumi dapatada qa de Sade "fu infome far- panes, ar efenalak aites baffenhet fan d alamam Tng ủ B,n h hn gin -99 pr Tich pori ofum
A0017300_00333.jpg	
A0017300_00334.jpg	 C taclhallt.2/ dha t qe -ylad all ..lg 53 2 redl, 24 ea wágone, ANilins
A0017300_00335.jpg	 Verte 1 Sael,3 don • ds d.di etuis.. atri salt shet s9. Zah (Rada don. 24p.. sickn. BAI -0602 2262 st hant pep d Jakone myne Huen cons for. Dinke- tl taders Ton a Vinokk
A0017300_00336.jpg	 232 najan vi крат терно 3 hat Sanden ine fast Andanteringa
A0017300_00337.jpg	 Lu t TaneMü she flamma dratacadla deu di laterna tuam vagnar - 18 mod andnin t ende tapi tonh mya a ek. Hono Hone Lans Hlalngen, , dà satrumna, ven, och i fynrechel de, tolkas täthphning fh tel Bodenfor treitle, mid thag of hath saler. Nyfiken for ofan te filem Yairg, pr.
A0017300_00338.jpg	 Lit s. Rek ne fon cin i lahafant Aydii vaba fliga, d Y Talis 184% 2= %.tan) er dik fie fanting en in tom mifupakt . le, det mandinea de ena Hamman yan L far myles tm küo på limtr manlst lár, aMira và dá dara dmm yan haukü pantelon. in farbadatl cias (aprelapu mu m ad mog to fal n/w stohila
A0017300_00339.jpg	 romulthe: Agitaig lipa, tahr mutan de hãe -dopa- Hahnig sfe fir nylanga. I ftp. Chpun at laghile an flyats niP' f/ipmitin O 4 Lybo. Fo- O hjo hop. Bdsme pi try. t → m nean -Q t nh v mg m ntl, l. hüg. Düp Büna hanu stha har nynher hin für ang lins dan man antaga fhi for kala dngmat? Snaut på dip fügri mike wtir blp att lit ar sida bad zemator dagh egpoffring wink oct. far ahien griğ meg te k fpurlankuf Liv Lfas som rpelkemme di my dun kidepistan da angelinp abbtnnoyt it gilan lu B Ba
A0017300_00340.jpg	 aik ha fü am kährnga de diploa til pu faylik. Rapal alada fo en lis / feme in, nétands pran 1845 manng Den ack meganet dorfan: andfl adil hine emmen ail Camp lj 20 de autan taga f iak = n luand9 1o bin d no finten pi teit h ha Pore, lant alge nho fi 2 420 0 ammer adar lepmai a palda an fntale aln dw ker ie p mam nidayn lapis for dl far no mn.. ay ma Gplopfun se mansa Ayato lyan Dot dlin ife ad Ce Lean pra a Stamma fiting Yor den bandage Linh Majta má m : Afa al'h lik 4a blitt, naknes denma for gr wer anligid Plity Magta Shandon Cuphan, .Lana Loga ne dalta lgw allfon not hanl t Lagn to gat lum ữ Byră de Yo Si4, 184 Ya ldung of ita aas ahrner amat fam hil mpüe E Harjulnn Finnti på finlekt f nl íaepfo Kü aspid en Hans gans i athi Likete nn Originel angin het tyge Erdin Jean, Jau tagn NaSas naa dan Popgpo, i paur lojalar d milas žo d motad.e, and ar Xylon e elas milan ata Aknen keligu ott pharr fiall fen ema fyndenin g prefligo tummeng neon ng i Paig gh chemi drama /a de Tanth. 3
A0017300_00341.jpg	 5.B. Lei kemue - *102: oTe2l des.ma. den Tổ , hà catenfage fon qui
A0017300_00342.jpg	 ng Fm.s. J. B. Gop9. He fe Anlita Qt Symane t. tadeu as Ondin Publin Mếch tt g phn Mff Jongen
A0017300_00343.jpg	 Fotoutskillty hă térpener Menin ye -it a/laga- dv 7, 15 pi 1844.
A0017300_00344.jpg	 dell namnd, Rudra fie behğenhet feelle minfa klab ateke ema laşit he ato aene infl I dete is Sunka nia upplä tackjesteratt belga Safate mrask å Bekra männen nagnar. Pediangid fon Haus Tone fon. Gikte
A0017300_00345.jpg	
A0017300_00346.jpg	 144 ote fe. a le lifdzl 2-0-0 Kalider mante Si-Brialoni a dah.. *Gitkimn dg AniMynitin
A0017300_00347.jpg	 Tino Bygla Yenen M:iDL mitel Same аннал . В 1ч A Bu ESt pi Rugenh nărar bau MeK habyp kakh s Munte e pillatfo de 1lda Bladas, Aapp. Manad fa. Fidj 172 kep/afs huny fulla 2%a/Rare da Ae. do. ie Ullgrm Innana gordon Elformlneda. Khon, a Lerfohma Spakatg AsLA omint kin Kank hn Spora banan Campas SC Lo Majso 10. regi pă Kk po aho K aRiể Bhia t du nae & klip. An t 2 tuin bon nta Sk Mise Bpa Anda i Kkks a9 hakS drill Mikk8.-2 afte Iom Kitinen dukte vitpe od d. Vomera blat. pa mm tine florenă hinstm fone Ingaghuny Mi fande. PYong tengene tnte. Hochh tope all.
A0017300_00348.jpg	 1s. nale Tagettis
A0017300_00349.jpg	 .... Koyere BiN Soren= Alh Menyint den fs H-Quit p Mot /45.20 м 2 4po Aks oid dua alite ( de 20. Memen Blhw, alay muJ AsAl
A0017300_00350.jpg	 kom hane fi OTI' iken le. Gtt fens. g9 sa Lit drams tad mor-yapide sapardis eRisliontus Rume ME /. Starke Seres % en pimn th tote ph enlin ne Gitadln 1.- 2 Ensos Cdn pente don i Pideleă 3 Subatini lavni „ Rin Themapns sars i dagde" 1. le Duake ofarligudota Charia % hizar Ort Carp Pren doker ifa Aandkılm -
A0017300_00351.jpg	 mitt afy kometede e , 114 16.9, ett tes gt. $17 445 send fo н9.5 200. 465c1- Sandy Faa Roter delongen ett glaneus Panne Mº /. te Sring % a 1/amg Eaga Retin propaler - зік anri dienelant enhelar onkler en. Gudatha C Bilby Cajsa Stilnos Pelarens I TawCi. Omten dean ei Glotehas D enten Sken pente don i Ridlen- 1 Assonatsns lanctnad „ Temafnu tum i lagden? i tias ensăker /. ste Se dr ary i ta tg 12 kam tgu la Tysku ofarliga darta Oranie % higa Greta Carp Peon dotter ifan Arnes - - 70
A0017300_00352.jpg	 Jr 17 Fredric Reingeni Araka anbacer n/ Sonfawlingen *Tamileri 3. Jaja e Sina Ham datore Lagos laim enfätan four fornt /Ladas Panalar 2 Mal. for-a aumame ell Maden erd iltr four foent 2 Juant Promu alatandn- 0 Ken Shas Riskbi enbale, e2 2 270 Ieaman i Oferlnn 2G. Brydl/rangen soader dum goo daland tone sre tolan Placke Entia i Smbuckien andüna 25. Semite Cami tranberg engelen af enge tingen 1282/,300 e2 Ahr Alntor i Rata e pallan Senefons Enteri Rakhe anfalln af samla ointe: Zalate -/.Sopen (e 2 162 % % Ae s2,500 MeDunfen i omarke enni dRomefng 44 i /5 rospon ergatr done rednd damalshon frisşan er fattig Espan be dor. furta se docene ha dan fo. :2 tich.
A0017300_00353.jpg	 Sima pare defeste mal finis of Venem Fenemento a Kande Gally) per alfathis fanatal Bundin Sachem uga den st Atabar 18424. Soltein den. d. rk.... the that t ..... aLo. del aleman
A0017300_00354.jpg	 Astealf hallt d Buni VA fantd... dare... T. A Papo 1 Kogle Lode ..... con ne, att-f, i mv ai „ An Bergiá tant dna Tolofa majo " Aguele Id... s fot cara-.. 1-- d... 660 i budidttafe aio Dagp Taletn hetl nerur Sepid... hi isades. .ne.. Hatte Lan Otry Amin Laue,
A0017300_00355.jpg	 wid deman Bethenme
A0017300_00356.jpg	
A0017300_00357.jpg	 - lale Jodt 13 h dg ibt pe faiz inl kalia dene •alL. med n sie etena thalag- klenElpttd sparen muti ăr ad tap fre opretet nğa .U.. Apoidermart Sadeen a Latman sěgan Ee Kati jon ith th o/proin Mesi nollans Tami Eas Bopri dake testa, paner li a gi am e
A0017300_00358.jpg	 tagisl deta 2 hi t 62h gh nt Cã Lah....
A0017300_00359.jpg	 • Tu , trem ane sgrn Mahbhom Ne S2i S/az Cong
A0017300_00360.jpg	 Ди 14-44 пентан nen/Snoden Kade Baman/k den ätmjnta angéleam
A0017300_00361.jpg	 Yair ouyahi fom ă förbes apans fös, deyut m yz. Popeă Sotarngs dom ofran 2.04buin 1 Docknemenmed wağne PHila Mistasom Auten • granfe. gunter de ăforlammade dir laşarip. en đap-pn k efesn d beful gula -hish 204, mhu dopA Pogue Saten/laga Brythonunden 18414. Ander Grebb/trem
A0017300_00362.jpg	 Chon t.me hattie bullt sned pinyd- Tillde, idag förfamlade kinem acon mmald Galton budt th mis buren mei
A0017300_00363.jpg	 tr nche Dap fore ofier. a Sastan Sulelet ngn Apliderm ni d Sockinenams
A0017300_00364.jpg	
A0017300_00365.jpg	 do kefle/act ófreven ko.s B.bach n - de ela a • lid afgif n ci Se chi ne ..annen vágran M'Enchony Alen Daltong janklaa FotoalliltneB Pifw.lah all. Tel fife af fle no khe. Lepti nn aade Befár ofre sas
A0017300_00366.jpg	
A0017300_00367.jpg	 her allerat. Bughen den 800 Jeander 1891 Helder wart атолуні Kaside Vaterment lay Fan nordbani Pre la
A0017300_00368.jpg	 Armer teimer ai ăptering af Mandato thagam fr an 1845 Bandtrakn Fansti npaskma dğrd atthopi fü detgåde indyi 17 m Helta. *%ha SA Var hallema 9le9 mier Gatlin hen o pul /ha an Ror Mantlande 128.2. Whe nitlo.tter вikáм23 Appemarke-, (pn4% m) arken.Sad Enken kine dmm de fhagdd 4 S decomber /84t taty 80i Gien. popo Bugen do Lith Dece-Cọ ,BUNI. talabbvagnes D betamănm nan Algblfiar Hum, Your fou .Pe Dallerg mand
A0017300_00369.jpg	 e pae
A0017300_00370.jpg	 Antrok hilitvid Maman hoten Kaimel Pongplnausuy fellii Benityit re /erg Зенові Bal вітріт pade gižiete $2 wide noned gipee • lapilat gronil ttm fr aeronig i Sodes etanen .9.r
A0017300_00371.jpg	 1.9 p pee nofilu Seponeat, rop 20blms A Sademem Renen, nigeer Anden epubt rim suelan. Prores
A0017300_00372.jpg	 7994 2.20. Rejoe flat Ta. вся кіляр /у пре Kneed pohan grille
A0017300_00373.jpg	 Hid Seramis не міндоні м. kA.93 a fir rotale kukay klipis Baqui dedetey at t n Sekerin L gi one n bdermain ab Bunase.o natur? Ritin 03 tbcg "Hans Ymi /au?
A0017300_00374.jpg	 ton Finugad Poplins/fane i gb ta enti Immane, nike file lie fütilig emme Ode Jami Vanungand Baline fade Oe nde liggring), fant at mj apan tg phn sn tho hỏ Agfta, Bustrül nb Lepongon cmege, ate opulende fis tona nh sfurliggos Marand dt măn
A0017300_00375.jpg	 i/h, e minti Mana taslipnt : Bi no ma 3 ca cá i gay fistany for fi fiy rfgites. Rena fa3 Sunti BAN . anbeenkat Pple B y7. keney kap Setı • Buyden"
A0017300_00376.jpg	 -topol/ Luther P 182N2 ta koken Satte foli-flog 1o чена tfbefhetedta ttz Tabita *anbud idetkafne arets ti hiene lute g islen Jodleru Bravu bardat leketra
A0017300_00377.jpg	 Latenzan et Poterlato inteltrontaris, det Ene Stat fone faremon Al rom Mark Lund
A0017300_00378.jpg	 т 8a akg pr gam po t dess fasety. •r Bulken Fulha hede — Kenten, Me Farhanken 7 441h- 0 ha sadime- 2625254 Let Crame Papia /290 - 1 ye safL 195 2e ala. m. •a.. - Tre "Utal Yelmadi-fl fripe s olanlel -e7 Takelle Ullalteng
A0017300_00379.jpg	 - *.
A0017300_00380.jpg	 Закада да сірк встращи
A0017300_00381.jpg	 de niezin , paseo die linder
A0017300_00382.jpg	 T.M omarmes
A0017300_00383.jpg	 Lu Baychỏ Cohen môn, m Bấ! waten jas pet- 9,43 4. 305. Hu Yokam Jon Kin Sopa : Lien- Xang Sàa tín hơ lản tiến t Shudenfon Лід 2 до3 %н inhal hg.
A0017300_00384.jpg	 Ta Vii N n Lừu Kan hn DA анав
A0017300_00385.jpg	 G cha тріра Yes four a haile 3. В» 375.
A0017300_00386.jpg	 dalemagt Co pallenga Gin chih hon Tra ntig Banl yaham tankon alla - 10/ Mahanfrsdrp olen Paran driç Emija lias Mesal ki sen Yal Tahan too memas fa0 Zam adem fon "
A0017300_00387.jpg	 Oi gorta mt. I pim a thip 2 Bypi fepmig,4. e dee gied sada petan tam pot 1 ня соб Skafan anh kögu at tujay fame pé ham go hee ad Cam oddan bland ped „Alie f hn pp a mnteia, Biker nh
A0017300_00388.jpg	 ài Betyto nezan.
A0017300_00389.jpg	 : Кадайв. ;Чикаанй А * 7: 3. 3.2
A0017300_00390.jpg	 Cipra ha pa badt rid atena datana des becar B'ygde" den 93 Derembe 1949 3, Обліт -
A0017300_00391.jpg	 gam dia, - Rểnt: Grabap, • / Thm kppu K Tn -1 tan Matepa- andes alabamapa!, Bama. man Ata houstk. -- 1_
A0017300_00392.jpg	 Jin Kgamente Parten Patet: Bigotia lignite ad madmilljait de A Bogari Jaten ta mismalt vida biand ilgano millega. Dea y Deçinder 1849 Anêers Goenholm. • Serie , Nandma
A0017300_00393.jpg	 SLUT
